id,headword,alternate_forms,part_of_speech,pronunciation,audio_url,primary_definition,secondary_definitions,example_sentences,cloze_sentences,synonyms,near_synonyms,antonyms,collocations,word_family,etymology,register,usage_notes,common_confusions,mnemonic,tags,difficulty,source_or_editor,definition_status,review_status
abide,abide,,verb,,,"live, stay (old use)","abide by: obey, accept",The hermit chose to abide in the valley long after the village had emptied. | Every player has to abide by the referee’s decision.,The hermit chose to _____ in the valley long after the village had emptied. | Every player has to _____ by the referee’s decision.,remain | stay,endure | tolerate,leave | defy,abide by a rule | abide in a place,abode | abiding,"Old English ābīdan, to wait or remain.",literary,"In this list, abide means live or stay, an older use. Abide by means obey or accept. Other modern writing also uses abide to mean tolerate, as in “I cannot abide the noise.” That tolerate sense is not the one this list drills first.","abide alone often means stay or remain in older writing | abide by means obey or accept | cannot abide means cannot tolerate, a different modern use",Abide by adds the word by. That by is the obedience.,letter-a | passage-or-stem | multi-sense,3,Definitions from SAT Reading and Writing Vocabulary. Examples and notes written for this app.,approved,approved
abound,abound,abounds,verb,,,exist in large numbers,,"Wildflowers abound along the riverbank after a wet spring. | The essay abounds in precise, surprising details.","Wildflowers _____ along the riverbank after a wet spring. | The essay _____ in precise, surprising details.",teem | proliferate,flourish,lack | dwindle,abound in | abound with,abounds | abundance | abundant,"Latin abundare, to overflow.",formal,Abound means exist in large numbers: wildflowers abound. Abound in or abound with means have a lot of something: the reef abounds in color.,abound (there are many) versus abound in (it has many),A boundless field: so many that you lose count.,letter-a | passage-or-stem,2,Definitions from SAT Reading and Writing Vocabulary. Examples and notes written for this app.,approved,approved
abrasive,abrasive,,adjective,,,harsh and irritating in manner,"rough, scraping",The clerk’s abrasive reply made the customer leave without buying anything. | The abrasive pad scraped the rust off the pan.,The clerk’s _____ reply made the customer leave without buying anything. | The _____ pad scraped the rust off the pan.,harsh | grating,curt | caustic,gentle | smooth,abrasive manner | abrasive surface,abrasion | abrade,"Latin abradere, to scrape off.",general,"Abrasive can describe a physical surface that scrapes, or a manner that is harsh and irritating. On a reading test, the sentence tells you which sense is meant.",physical scraping versus a harsh personality,Sandpaper scrapes. An abrasive person scrapes at your patience the same way.,letter-a | wrong-answer | multi-sense,3,Definitions from SAT Reading and Writing Vocabulary. Examples and notes written for this app.,approved,approved
accrete,accrete,accretion,verb,,,grow gradually by layers being added,such growth,"Shells and sand accrete into a low ridge along the shore. | Trust does not appear at once; it accretes through small, kept promises.","Shells and sand _____ into a low ridge along the shore. | Trust does not appear at once; it _____ through small, kept promises.",accumulate,coalesce | build up,erode | shed,accrete layers | sediment accretes,accretion,"Latin accrescere, to grow onto something.",formal,"Accrete emphasizes layers or pieces being added onto something. Accrue emphasizes a total that builds gradually, often money, time, or advantage. Both can mean slow growth, but the picture is different. The source also lists noun sense.",accrete (layers added on) versus accrue (a total builds up),Accrete sounds like concrete: layers stick on and the mass gets thicker.,letter-a | passage-or-stem | multi-sense,4,Definitions from SAT Reading and Writing Vocabulary. Examples and notes written for this app.,approved,approved
accrue,accrue,accrues,verb,,,build up gradually over time,,Interest will accrue on the unpaid balance until it is paid. | Small advantages accrue to students who review a little every day.,Interest will _____ on the unpaid balance until it is paid. | Small advantages _____ to students who review a little every day.,accumulate,build up,dwindle,interest accrues | benefits accrue,accrues | accrual,"From Old French, ultimately Latin ad and crescere, to grow.",formal,Use accrue for a quantity or advantage that builds over time. Use accrete when the image is layers sticking onto something.,accrue (a total builds) versus accrete (layers are added),"Accrue is a running total, like interest quietly added to a balance.",letter-a | correct-answer,3,Definitions from SAT Reading and Writing Vocabulary. Examples and notes written for this app.,approved,approved
adhere,adhere,adherence,verb,,,stick to,follow closely (a rule or belief),The label would not adhere to the damp bottle. | The lab must adhere to the safety protocol without shortcuts.,The label would not _____ to the damp bottle. | The lab must _____ to the safety protocol without shortcuts.,stick | follow,cling | comply,detach | abandon,adhere to a rule | adhere to a surface,adherence | adherent | adhesion,"Latin adhaerere, to stick to.",formal,Adhere to can be physical (tape adheres to glass) or figurative (adhere to a belief or rule).,physical sticking versus following a rule,Adhesive tape adheres. People adhere to a plan the way tape sticks.,letter-a | correct-answer | multi-sense,2,Definitions from SAT Reading and Writing Vocabulary. Examples and notes written for this app.,approved,approved
adorn,adorn,,verb,,,decorate,,To adorn is to decorate.,To _____ is to decorate.,,,,,,,,,,,letter-a | wrong-answer,2,Definitions from SAT Reading and Writing Vocabulary. Example sentence drafted for this app and not yet editor-approved.,approved,draft
advent,advent,,noun,,,arrival or beginning of something important,,"The passage refers to an advent, arrival or beginning of something important.","The passage refers to an _____, arrival or beginning of something important.",,,,,,,,,,,letter-a | passage-or-stem,2,Definitions from SAT Reading and Writing Vocabulary. Example sentence drafted for this app and not yet editor-approved.,approved,draft
adverse,adverse,adversely,adjective,,,"harmful, unfavorable",,Adverse weather forced the hikers to turn back. | The leaflet lists adverse effects of the medicine.,_____ weather forced the hikers to turn back. | The leaflet lists _____ effects of the medicine.,unfavorable | harmful,hostile,favorable | beneficial,adverse effects | adverse conditions,adversely | adversity,"Latin adversus, turned against.",formal,"Adverse describes conditions, effects, or circumstances that work against someone. Averse describes a person’s strong dislike.",adverse (harmful conditions) versus averse (a person dislikes something),Adverse events come at you. Averse is a feeling inside you.,letter-a | passage-or-stem,3,Definitions from SAT Reading and Writing Vocabulary. Examples and notes written for this app.,approved,approved
affinity,affinity,,adjective,,,natural liking or attraction,close similarity,"If something is affinity, it is natural liking or attraction.","If something is _____, it is natural liking or attraction.",,,,,,,,,,,letter-a | wrong-answer | multi-sense,2,Definitions from SAT Reading and Writing Vocabulary. Example sentence drafted for this app and not yet editor-approved.,approved,draft
afflict,afflict,afflicted,verb,,,cause pain or suffering to,,The writer uses afflict for a change that will cause pain or suffering to.,The writer uses _____ for a change that will cause pain or suffering to.,,,,,afflicted,,,,,,letter-a | passage-or-stem,2,Definitions from SAT Reading and Writing Vocabulary. Example sentence drafted for this app and not yet editor-approved.,approved,draft
aggravate,aggravate,,verb,,,make worse,also annoy,Walking on the sprain only aggravated the injury. | The constant tapping aggravated everyone in the quiet car.,Walking on the sprain only _____ the injury. | The constant tapping _____ everyone in the quiet car.,worsen,annoy | irritate,soothe | improve,aggravate an injury | aggravate the problem,aggravation,"Latin aggravare, to make heavier.",general,"In formal writing, aggravate means make worse. In everyday speech it also means annoy. On a reading test, check which sense the sentence earns.",make a problem worse versus annoy a person,Aggravate adds gravity: the problem gets heavier.,letter-a | wrong-answer | multi-sense,2,Definitions from SAT Reading and Writing Vocabulary. Examples and notes written for this app.,approved,approved
aggregate,aggregate,,noun,,,a whole formed by combining parts,total,"The passage refers to an aggregate, a whole formed by combining parts.","The passage refers to an _____, a whole formed by combining parts.",,,,,,,,,,,letter-a | wrong-answer | multi-sense,3,Definitions from SAT Reading and Writing Vocabulary. Example sentence drafted for this app and not yet editor-approved.,approved,draft
aggrieved,aggrieved,,noun,,,feeling wronged and resentful,,"The passage refers to an aggrieved, feeling wronged and resentful.","The passage refers to an _____, feeling wronged and resentful.",,,,,,,,,,,letter-a | correct-answer,3,Definitions from SAT Reading and Writing Vocabulary. Example sentence drafted for this app and not yet editor-approved.,approved,draft
akin,akin,,adjective,,,"similar, related",,"A akin case is one that is similar, related.","A _____ case is one that is similar, related.",,,,,,,,,,,letter-a | wrong-answer,2,Definitions from SAT Reading and Writing Vocabulary. Example sentence drafted for this app and not yet editor-approved.,approved,draft
alight,alight,alighted,verb,,,land or settle after flight,get down from a vehicle,To alight is to land or settle after flight.,To _____ is to land or settle after flight.,,,,,alighted,,,,,,letter-a | wrong-answer | multi-sense,2,Definitions from SAT Reading and Writing Vocabulary. Example sentence drafted for this app and not yet editor-approved.,approved,draft
allay,allay,,verb,,,"lessen or relieve (fear, doubt, or pain)","(old use, n.) relief, comfort",The writer uses allay for a change that will lessen or relieve.,The writer uses _____ for a change that will lessen or relieve.,,,,,,,literary,,,,letter-a | passage-or-stem | multi-sense,2,Definitions from SAT Reading and Writing Vocabulary. Example sentence drafted for this app and not yet editor-approved.,approved,draft
alliterative,alliterative,,verb,,,repeating the same first sound in nearby words (alliteration),,"In the passage, things start to alliterative: they repeating the same first sound in nearby words.","In the passage, things start to _____: they repeating the same first sound in nearby words.",,,,,,,,,,,letter-a | wrong-answer,4,Definitions from SAT Reading and Writing Vocabulary. Example sentence drafted for this app and not yet editor-approved.,approved,draft
allude,allude,allusion,verb,,,refer to indirectly,an indirect reference,"The speaker alluded to the scandal without ever saying the mayor’s name. | Her poem alludes to a famous myth, trusting the reader to notice.","The speaker _____ to the scandal without ever saying the mayor’s name. | Her poem _____ to a famous myth, trusting the reader to notice.",refer | hint,suggest,state,allude to,allusion | allusive,"Latin alludere, to play toward or hint at.",formal,Allude to means hint at something without naming it outright. Elude means escape or be hard to grasp. You allude to a book. A name can elude you. The source also lists noun sense.,allude (hint at) versus elude (escape or be hard to recall),An allusion plays at the idea. Elude means the idea gets away.,letter-a | wrong-answer | multi-sense,3,Definitions from SAT Reading and Writing Vocabulary. Examples and notes written for this app.,approved,approved
aloft,aloft,,adverb,,,"up in the air, overhead",,"The narrator says it happened aloft, which means up in the air, overhead.","The narrator says it happened _____, which means up in the air, overhead.",,,,,,,,,,,letter-a | passage-or-stem,2,Definitions from SAT Reading and Writing Vocabulary. Example sentence drafted for this app and not yet editor-approved.,approved,draft
amalgamate,amalgamate,amalgamating,verb,,,"combine into one, merge",,"In the passage, things start to amalgamate: they combine into one, merge.","In the passage, things start to _____: they combine into one, merge.",,,,,amalgamating,,,,,,letter-a | passage-or-stem,3,Definitions from SAT Reading and Writing Vocabulary. Example sentence drafted for this app and not yet editor-approved.,approved,draft
ambiguous,ambiguous,ambiguity,adjective,,,open to more than one meaning,unclear,"The ending is ambiguous, so readers argue about what the last line means. | Ambiguous instructions caused half the class to skip the second step.","The ending is _____, so readers argue about what the last line means. | _____ instructions caused half the class to skip the second step.",unclear | equivocal,vague,clear | explicit,ambiguous wording | deliberately ambiguous,ambiguity,"Latin ambiguus, doubtful, from ambigere, to wander around.",formal,Ambiguous means more than one reading is possible. Ambivalent means having mixed feelings. A sentence can be ambiguous. A person is ambivalent.,ambiguous (unclear meaning) versus ambivalent (mixed feelings),Two roads at once: an ambiguous sentence can go either way.,letter-a | correct-answer | multi-sense,2,Definitions from SAT Reading and Writing Vocabulary. Examples and notes written for this app.,approved,approved
ambivalent,ambivalent,ambivalence,adjective,,,having mixed or conflicting feelings,,"She was ambivalent about the award: proud, and uneasy about the attention. | His ambivalent shrug told them he had not decided.","She was _____ about the award: proud, and uneasy about the attention. | His _____ shrug told them he had not decided.",conflicted | unsure,torn,certain | wholehearted,ambivalent about | deeply ambivalent,ambivalence,"Latin ambi, both, and valere, to be strong: pulled hard both ways.",formal,Ambivalent describes feelings. Ambiguous describes language or evidence that can be read in more than one way.,ambivalent (mixed feelings) versus ambiguous (unclear meaning),Ambi means both. Ambivalent is strength on both sides of a feeling.,letter-a | correct-answer,3,Definitions from SAT Reading and Writing Vocabulary. Examples and notes written for this app.,approved,approved
amiable,amiable,,adjective,,,friendly and pleasant,,The amiable guide remembered every hiker’s name. | An amiable argument over the map never turned sharp.,The _____ guide remembered every hiker’s name. | An _____ argument over the map never turned sharp.,friendly | genial,affable | good-natured,hostile | sullen,an amiable host | amiable smile,amiably | amiability,"Latin amicabilis, friendly, from amicus, friend.",general,"Amiable describes a friendly manner. Amicable often describes a relationship that stays peaceable, as in an amicable agreement. This list’s headword is amiable.",amiable (friendly person) versus amicable (a peaceable relationship or agreement),Amiable sounds like amigo: friendly.,letter-a | passage-or-stem,2,Definitions from SAT Reading and Writing Vocabulary. Examples and notes written for this app.,approved,approved
amorphous,amorphous,,adjective,,,shapeless,without clear structure,"The committee’s goal stayed amorphous: everyone nodded, and no one could state it. | An amorphous cloud of ink spread through the water.","The committee’s goal stayed _____: everyone nodded, and no one could state it. | An _____ cloud of ink spread through the water.",shapeless | formless,vague,structured | defined,an amorphous plan | amorphous mass,,"Greek amorphos, without form. A- means without, morphe means shape.",formal,"Amorphous can describe a physical blob or a plan, group, or idea with no clear structure.",amorphous (no shape) versus enormous (very large),"A-morph: no morph, no shape.",letter-a | correct-answer | multi-sense,4,Definitions from SAT Reading and Writing Vocabulary. Examples and notes written for this app.,approved,approved
ample,ample,,adjective,,,"more than enough, plentiful",,"If something is ample, it is more than enough, plentiful.","If something is _____, it is more than enough, plentiful.",,,,,,,,,,,letter-a | passage-or-stem,2,Definitions from SAT Reading and Writing Vocabulary. Example sentence drafted for this app and not yet editor-approved.,approved,draft
analogous,analogous,analogy | analogical,adjective,,,comparable in some respects,a comparison that shows a likeness,A analogous case is one that is comparable in some respects.,A _____ case is one that is comparable in some respects.,,,,,analogy | analogical,,,The source also lists noun sense.,,,letter-a | correct-answer | multi-sense,3,Definitions from SAT Reading and Writing Vocabulary. Example sentence drafted for this app and not yet editor-approved.,approved,draft
anecdote,anecdote,,adjective,,,short personal story,,"If something is anecdote, it is short personal story.","If something is _____, it is short personal story.",,,,,,,,,,,letter-a | wrong-answer,2,Definitions from SAT Reading and Writing Vocabulary. Example sentence drafted for this app and not yet editor-approved.,approved,draft
anguish,anguish,,adjective,,,severe mental or physical suffering,,"If something is anguish, it is severe mental or physical suffering.","If something is _____, it is severe mental or physical suffering.",,,,,,,,,,,letter-a | correct-answer,2,Definitions from SAT Reading and Writing Vocabulary. Example sentence drafted for this app and not yet editor-approved.,approved,draft
animosity,animosity,animosities,noun,,,"strong dislike, hostility",,Years of animosity between the two coaches showed in every interview. | She felt no animosity toward the rival who had beaten her fairly.,Years of _____ between the two coaches showed in every interview. | She felt no _____ toward the rival who had beaten her fairly.,hostility | enmity,resentment,goodwill | friendship,personal animosity | animosity between,animosities,"Latin animus, spirit or passion. The word narrowed toward hostile feeling.",formal,Animosity is the feeling of hostility. It is stronger and more personal than a mild dislike.,animosity (hostility) versus animation (liveliness),"Animosity is an angry spirit between people, not a lively mood.",letter-a | wrong-answer,2,Definitions from SAT Reading and Writing Vocabulary. Examples and notes written for this app.,approved,approved
annals,annals,,adjective,,,"historical records, year by year",,"If something is annals, it is historical records, year by year.","If something is _____, it is historical records, year by year.",,,,,,,literary,,,,letter-a | passage-or-stem,2,Definitions from SAT Reading and Writing Vocabulary. Example sentence drafted for this app and not yet editor-approved.,approved,draft
annihilate,annihilate,annihilation,verb,,,destroy completely,,The writer uses annihilate for a change that will destroy completely.,The writer uses _____ for a change that will destroy completely.,,,,,annihilation,,,,,,letter-a | wrong-answer,3,Definitions from SAT Reading and Writing Vocabulary. Example sentence drafted for this app and not yet editor-approved.,approved,draft
annotate,annotate,,verb,,,add explanatory notes to,,To annotate is to add explanatory notes to.,To _____ is to add explanatory notes to.,,,,,,,,,,,letter-a | wrong-answer,2,Definitions from SAT Reading and Writing Vocabulary. Example sentence drafted for this app and not yet editor-approved.,approved,draft
annul,annul,,verb,,,"cancel officially, declare invalid",,"The writer uses annul for a change that will cancel officially, declare invalid.","The writer uses _____ for a change that will cancel officially, declare invalid.",,,,,,,,,,,letter-a | passage-or-stem,2,Definitions from SAT Reading and Writing Vocabulary. Example sentence drafted for this app and not yet editor-approved.,approved,draft
anomaly,anomaly,anomalous | anomalously,noun,,,something that departs from what is normal or expected,,"The warm day in January was an anomaly, not a new climate pattern. | One anomalous spike in the data turned out to be a broken sensor.","The warm day in January was an _____, not a new climate pattern. | One _____ spike in the data turned out to be a broken sensor.",exception | oddity,irregularity,norm,statistical anomaly | an anomaly in the data,anomalous | anomalously,"Greek anomalos, uneven.",formal,An anomaly is the odd case itself. Anomalous is the adjective: an anomalous result.,anomaly (the unusual thing) versus analogous (comparable),Not the normal pattern: an anomaly sticks out of the row.,letter-a | correct-answer,3,Definitions from SAT Reading and Writing Vocabulary. Examples and notes written for this app.,approved,approved
antagonistic,antagonistic,,adjective,,,"hostile, actively opposed",,"The text calls it antagonistic, meaning hostile, actively opposed.","The text calls it _____, meaning hostile, actively opposed.",,,,,,,,,,,letter-a | wrong-answer,4,Definitions from SAT Reading and Writing Vocabulary. Example sentence drafted for this app and not yet editor-approved.,approved,draft
antecedent,antecedent,,noun,,,something that came before,a precursor,"The passage refers to an antecedent, something that came before.","The passage refers to an _____, something that came before.",,,,,,,,,,,letter-a | wrong-answer | multi-sense,3,Definitions from SAT Reading and Writing Vocabulary. Example sentence drafted for this app and not yet editor-approved.,approved,draft
anthology,anthology,,noun,,,collection of writings by various authors,,"The passage refers to an anthology, collection of writings by various authors.","The passage refers to an _____, collection of writings by various authors.",,,,,,,,,,,letter-a | passage-or-stem,3,Definitions from SAT Reading and Writing Vocabulary. Example sentence drafted for this app and not yet editor-approved.,approved,draft
anthropogenic,anthropogenic,,verb,,,caused by humans (said of environmental change),,The writer uses anthropogenic for a change that will caused by humans.,The writer uses _____ for a change that will caused by humans.,,,,,,,,,,,letter-a | passage-or-stem,4,Definitions from SAT Reading and Writing Vocabulary. Example sentence drafted for this app and not yet editor-approved.,approved,draft
antiquity,antiquity,,adjective,,,ancient times,an object from ancient times,A antiquity case is one that is ancient times.,A _____ case is one that is ancient times.,,,,,,,,,,,letter-a | correct-answer | multi-sense,3,Definitions from SAT Reading and Writing Vocabulary. Example sentence drafted for this app and not yet editor-approved.,approved,draft
antithetical,antithetical,,adverb,,,directly opposed,,"The narrator says it happened antithetical, which means directly opposed.","The narrator says it happened _____, which means directly opposed.",,,,,,,,,,,letter-a | wrong-answer,4,Definitions from SAT Reading and Writing Vocabulary. Example sentence drafted for this app and not yet editor-approved.,approved,draft
appease,appease,appeasement,verb,,,calm or satisfy someone by giving in to demands,,The council tried to appease the protesters by delaying the vote. | Offering a refund did little to appease the furious customer.,The council tried to _____ the protesters by delaying the vote. | Offering a refund did little to _____ the furious customer.,placate | mollify,soothe,provoke | anger,appease a critic | policy of appeasement,appeasement,"Old French apaisier, to bring to peace.",formal,"Appease often implies calming a person by concession, not merely becoming quiet yourself.",appease (calm someone by giving in) versus please (make happy in a general way),Appease buys peace by giving something up.,letter-a | wrong-answer,3,Definitions from SAT Reading and Writing Vocabulary. Examples and notes written for this app.,approved,approved
appraise,appraise,appraising,verb,,,judge the value or quality of,,An expert will appraise the painting before the auction. | She stepped back to appraise the argument with a cooler eye.,An expert will _____ the painting before the auction. | She stepped back to _____ the argument with a cooler eye.,assess | evaluate,estimate,,appraise a property | appraise the evidence,appraising | appraisal | appraiser,"Old French aprisier, to set a price, related to price and praise.",formal,Appraise means judge value or quality. Apprise means inform. The spellings are one letter apart.,appraise (judge the worth) versus apprise (tell someone),Appraise has praise and price in its history: you judge what something is worth.,letter-a | wrong-answer,3,Definitions from SAT Reading and Writing Vocabulary. Examples and notes written for this app.,approved,approved
apprise,apprise,apprised,verb,,,"inform, make aware",,Please apprise the committee of any conflict of interest. | No one had apprised her of the change in plans.,Please _____ the committee of any conflict of interest. | No one had _____ her of the change in plans.,inform | notify,tell,,apprise someone of,apprised,"French apprendre, in the sense of teaching or informing.",formal,The usual pattern is apprise someone of something. Appraise something means judge its value.,apprise (inform) versus appraise (judge value),Apprise has an i for inform. Appraise has an a for assess.,letter-a | wrong-answer,4,Definitions from SAT Reading and Writing Vocabulary. Examples and notes written for this app.,approved,approved
approbation,approbation,,noun,,,"approval, praise",,"Readers meet an approbation, meaning approval, praise.","Readers meet an _____, meaning approval, praise.",,,,,,,,,,,letter-a | wrong-answer,3,Definitions from SAT Reading and Writing Vocabulary. Example sentence drafted for this app and not yet editor-approved.,approved,draft
apt,apt,,adjective,,,"suitable, fitting",likely,"The text calls it apt, meaning suitable, fitting.","The text calls it _____, meaning suitable, fitting.",,,,,,,,,,,letter-a | wrong-answer | multi-sense,2,Definitions from SAT Reading and Writing Vocabulary. Example sentence drafted for this app and not yet editor-approved.,approved,draft
arbitrary,arbitrary,,adjective,,,based on chance or whim rather than reason,,The penalty seemed arbitrary because similar mistakes had gone unpunished. | She refused to follow an arbitrary dress code with no safety purpose.,The penalty seemed _____ because similar mistakes had gone unpunished. | She refused to follow an _____ dress code with no safety purpose.,random | capricious,unreasoned,reasoned | principled,arbitrary decision | arbitrary rule,arbitrarily | arbitrariness,"Latin arbiter, a judge. Arbitrary came to mean a decision that is personal rather than principled.",formal,Arbitrary does not simply mean “any” in careful writing. It criticizes a choice as lacking a fair principle.,"arbitrary (no fair reason) versus random (left to chance, sometimes neutrally)",An arbitrary rule feels pulled out of a hat.,letter-a | wrong-answer,2,Definitions from SAT Reading and Writing Vocabulary. Examples and notes written for this app.,approved,approved
arcane,arcane,,adjective,,,known only to a few,mysterious,"The text calls it arcane, meaning known only to a few.","The text calls it _____, meaning known only to a few.",,,,,,,,,,,letter-a | wrong-answer | multi-sense,2,Definitions from SAT Reading and Writing Vocabulary. Example sentence drafted for this app and not yet editor-approved.,approved,draft
archaic,archaic,,adjective,,,very old or old-fashioned,,The contract still uses archaic phrases that no one says aloud. | Thou and ere are archaic forms you will meet in older poetry.,The contract still uses _____ phrases that no one says aloud. | Thou and ere are _____ forms you will meet in older poetry.,outdated | antiquated,obsolete,modern | current,archaic language | archaic law,archaism,"Greek arkhaios, ancient, from arkhe, beginning.",formal,"Archaic language is old-fashioned, like thou or ere. Ancient can describe the time itself. Archaic often describes a survival from that time into the present.","archaic (old-fashioned, still sometimes seen) versus ancient (belonging to the distant past)","An archaic word belongs in an old poem, not in a text message.",letter-a | passage-or-stem,2,Definitions from SAT Reading and Writing Vocabulary. Examples and notes written for this app.,approved,approved
arduous,arduous,,adjective,,,very difficult and tiring,,"The arduous hike took nine hours and every scrap of water they carried. | Revising the whole book was arduous, but the argument got clearer.","The _____ hike took nine hours and every scrap of water they carried. | Revising the whole book was _____, but the argument got clearer.",strenuous | grueling,taxing,easy | effortless,arduous journey | arduous task,arduously,"Latin arduus, steep or difficult to climb.",formal,"Arduous stresses sustained effort, not a brief annoyance.",arduous (hard and tiring) versus ardent (passionate),"Arduous is a steep climb, even when the work is not on a hill.",letter-a | correct-answer,3,Definitions from SAT Reading and Writing Vocabulary. Examples and notes written for this app.,approved,approved
arid,arid,aridity,adjective,,,"very dry, with little rain",,"A arid case is one that is very dry, with little rain.","A _____ case is one that is very dry, with little rain.",,,,,aridity,,,,,,letter-a | passage-or-stem,2,Definitions from SAT Reading and Writing Vocabulary. Example sentence drafted for this app and not yet editor-approved.,approved,draft
artifice,artifice,,adjective,,,clever trickery,skillful craft,"If something is artifice, it is clever trickery.","If something is _____, it is clever trickery.",,,,,,,,,,,letter-a | wrong-answer | multi-sense,2,Definitions from SAT Reading and Writing Vocabulary. Example sentence drafted for this app and not yet editor-approved.,approved,draft
artisan,artisan,,adjective,,,skilled craftsperson,,"If something is artisan, it is skilled craftsperson.","If something is _____, it is skilled craftsperson.",,,,,,,,,,,letter-a | correct-answer,2,Definitions from SAT Reading and Writing Vocabulary. Example sentence drafted for this app and not yet editor-approved.,approved,draft
ascendancy,ascendancy,,noun,,,a position of power or dominance,,"The passage refers to an ascendancy, a position of power or dominance.","The passage refers to an _____, a position of power or dominance.",,,,,,,,,,,letter-a | wrong-answer,3,Definitions from SAT Reading and Writing Vocabulary. Example sentence drafted for this app and not yet editor-approved.,approved,draft
ascertain,ascertain,,verb,,,find out for certain,,"The clerk called the bank to ascertain whether the check was real. | Before they blamed the sensor, they ascertained that the battery was charged.","The clerk called the bank to _____ whether the check was real. | Before they blamed the sensor, they _____ that the battery was charged.",determine | establish,verify | discover,guess,ascertain the facts | ascertain whether,,"Old French acertener, to make certain.",formal,"Ascertain is more formal than find out, and it stresses becoming certain rather than merely looking.",ascertain (find out for sure) versus assert (state confidently),Ascertain ends in certain: you find out until you are sure.,letter-a | passage-or-stem,3,Definitions from SAT Reading and Writing Vocabulary. Examples and notes written for this app.,approved,approved
ascribe,ascribe,,verb,,,attribute to a cause or source,,"In the passage, things start to ascribe: they attribute to a cause or source.","In the passage, things start to _____: they attribute to a cause or source.",,,,,,,,,,,letter-a | passage-or-stem,2,Definitions from SAT Reading and Writing Vocabulary. Example sentence drafted for this app and not yet editor-approved.,approved,draft
assert,assert,,verb,,,state confidently,,"In the passage, things start to assert: they state confidently.","In the passage, things start to _____: they state confidently.",,,,,,,,,,,letter-a | correct-answer,2,Definitions from SAT Reading and Writing Vocabulary. Example sentence drafted for this app and not yet editor-approved.,approved,draft
assimilate,assimilate,,verb,,,"absorb and integrate (ideas, people, nutrients)",,The writer uses assimilate for a change that will absorb and integrate.,The writer uses _____ for a change that will absorb and integrate.,,,,,,,,,,,letter-a | passage-or-stem,3,Definitions from SAT Reading and Writing Vocabulary. Example sentence drafted for this app and not yet editor-approved.,approved,draft
attest,attest,,verb,,,provide evidence of,confirm,"In the passage, things start to attest: they provide evidence of.","In the passage, things start to _____: they provide evidence of.",,,,,,,,,,,letter-a | correct-answer | multi-sense,2,Definitions from SAT Reading and Writing Vocabulary. Example sentence drafted for this app and not yet editor-approved.,approved,draft
attire,attire,,noun,,,clothing,,"Readers meet an attire, meaning clothing.","Readers meet an _____, meaning clothing.",,,,,,,,,,,letter-a | correct-answer,2,Definitions from SAT Reading and Writing Vocabulary. Example sentence drafted for this app and not yet editor-approved.,approved,draft
attrition,attrition,,adjective,,,gradual wearing down or reduction,,"The text calls it attrition, meaning gradual wearing down or reduction.","The text calls it _____, meaning gradual wearing down or reduction.",,,,,,,,,,,letter-a | passage-or-stem,3,Definitions from SAT Reading and Writing Vocabulary. Example sentence drafted for this app and not yet editor-approved.,approved,draft
atypical,atypical,,adjective,,,"not typical, unusual",,"A atypical case is one that is not typical, unusual.","A _____ case is one that is not typical, unusual.",,,,,,,,,,,letter-a | correct-answer,2,Definitions from SAT Reading and Writing Vocabulary. Example sentence drafted for this app and not yet editor-approved.,approved,draft
aural,aural,,verb,,,relating to hearing,,"In the passage, things start to aural: they relating to hearing.","In the passage, things start to _____: they relating to hearing.",,,,,,,,,,,letter-a | passage-or-stem,2,Definitions from SAT Reading and Writing Vocabulary. Example sentence drafted for this app and not yet editor-approved.,approved,draft
auspicious,auspicious,auspiciously,adjective,,,"favorable, promising success",,"A clear sky and a full crew made for an auspicious launch. | The opening sales were auspicious, though one week cannot prove a trend.","A clear sky and a full crew made for an _____ launch. | The opening sales were _____, though one week cannot prove a trend.",favorable | promising,propitious,ominous | unfavorable,an auspicious start | auspicious circumstances,auspiciously,"Latin auspicium, the practice of reading bird flight as an omen.",formal,Auspicious describes conditions that promise success. Suspicious describes distrust.,auspicious (promising) versus suspicious (distrustful),An auspicious start feels like a good omen.,letter-a | passage-or-stem,3,Definitions from SAT Reading and Writing Vocabulary. Examples and notes written for this app.,approved,approved
austerity,austerity,,adjective,,,strict simplicity,severe cuts in spending,A austerity case is one that is strict simplicity.,A _____ case is one that is strict simplicity.,,,,,,,,,,,letter-a | wrong-answer | multi-sense,3,Definitions from SAT Reading and Writing Vocabulary. Example sentence drafted for this app and not yet editor-approved.,approved,draft
authenticate,authenticate,authenticated,verb,,,prove genuine,,To authenticate is to prove genuine.,To _____ is to prove genuine.,,,,,authenticated,,,,,,letter-a | wrong-answer,4,Definitions from SAT Reading and Writing Vocabulary. Example sentence drafted for this app and not yet editor-approved.,approved,draft
averse,averse,,adjective,,,strongly disliking or opposed,,"He is averse to any plan that skips the safety check. | She is not averse to hard work, but she hates wasted effort.","He is _____ to any plan that skips the safety check. | She is not _____ to hard work, but she hates wasted effort.",opposed | disinclined,reluctant,eager | inclined,averse to risk | not averse to,aversion,"Latin aversus, turned away.",formal,Averse almost always describes a person or group: averse to risk. Adverse describes the outside situation.,averse (someone dislikes) versus adverse (something is harmful),"I am averse. The feeling belongs to the person, not the weather.",letter-a | passage-or-stem,3,Definitions from SAT Reading and Writing Vocabulary. Examples and notes written for this app.,approved,approved
aversion,aversion,,adjective,,,strong dislike,,"If something is aversion, it is strong dislike.","If something is _____, it is strong dislike.",,,,,,,,,,,letter-a | correct-answer,2,Definitions from SAT Reading and Writing Vocabulary. Example sentence drafted for this app and not yet editor-approved.,approved,draft
awry,awry,,adverb,,,"off course, wrong",crooked,"The narrator says it happened awry, which means off course, wrong.","The narrator says it happened _____, which means off course, wrong.",,,,,,,,,,,letter-a | passage-or-stem | multi-sense,2,Definitions from SAT Reading and Writing Vocabulary. Example sentence drafted for this app and not yet editor-approved.,approved,draft
balmy,balmy,,adverb,,,pleasantly warm and mild,,"The narrator says it happened balmy, which means pleasantly warm and mild.","The narrator says it happened _____, which means pleasantly warm and mild.",,,,,,,,,,,letter-b | wrong-answer,2,Definitions from SAT Reading and Writing Vocabulary. Example sentence drafted for this app and not yet editor-approved.,approved,draft
banter,banter,,adjective,,,"playful, teasing talk",,"If something is banter, it is playful, teasing talk.","If something is _____, it is playful, teasing talk.",,,,,,,,,,,letter-b | passage-or-stem,2,Definitions from SAT Reading and Writing Vocabulary. Example sentence drafted for this app and not yet editor-approved.,approved,draft
barren,barren,,adjective,,,unable to produce plants or offspring,bleak,"If something is barren, it is unable to produce plants or offspring.","If something is _____, it is unable to produce plants or offspring.",,,,,,,,,,,letter-b | correct-answer | multi-sense,2,Definitions from SAT Reading and Writing Vocabulary. Example sentence drafted for this app and not yet editor-approved.,approved,draft
bask,bask,,verb,,,lie in warmth,enjoy (praise or attention),The writer uses bask for a change that will lie in warmth.,The writer uses _____ for a change that will lie in warmth.,,,,,,,,,,,letter-b | passage-or-stem | multi-sense,2,Definitions from SAT Reading and Writing Vocabulary. Example sentence drafted for this app and not yet editor-approved.,approved,draft
beckon,beckon,beckoning,verb,,,signal someone to come,seem inviting,To beckon is to signal someone to come.,To _____ is to signal someone to come.,,,,,beckoning,,,,,,letter-b | passage-or-stem | multi-sense,2,Definitions from SAT Reading and Writing Vocabulary. Example sentence drafted for this app and not yet editor-approved.,approved,draft
beguile,beguile,beguiled,verb,,,"charm, often in order to deceive",,"The writer uses beguile for a change that will charm, often in order to deceive.","The writer uses _____ for a change that will charm, often in order to deceive.",,,,,beguiled,,,,,,letter-b | passage-or-stem,2,Definitions from SAT Reading and Writing Vocabulary. Example sentence drafted for this app and not yet editor-approved.,approved,draft
benevolent,benevolent,benevolently,adjective,,,kind and well-meaning,,"The text calls it benevolent, meaning kind and well-meaning.","The text calls it _____, meaning kind and well-meaning.",,,,,benevolently,,,,,,letter-b | wrong-answer,3,Definitions from SAT Reading and Writing Vocabulary. Example sentence drafted for this app and not yet editor-approved.,approved,draft
benign,benign,,adjective,,,"harmless, gentle",,"The text calls it benign, meaning harmless, gentle.","The text calls it _____, meaning harmless, gentle.",,,,,,,,,,,letter-b | passage-or-stem,2,Definitions from SAT Reading and Writing Vocabulary. Example sentence drafted for this app and not yet editor-approved.,approved,draft
bestow,bestow,,verb,,,"give (an honor, gift, or right)",,"In the passage, things start to bestow: they give.","In the passage, things start to _____: they give.",,,,,,,,,,,letter-b | passage-or-stem,2,Definitions from SAT Reading and Writing Vocabulary. Example sentence drafted for this app and not yet editor-approved.,approved,draft
betray,betray,betrays,verb,,,reveal without meaning to,also be disloyal to,The writer uses betray for a change that will reveal without meaning to.,The writer uses _____ for a change that will reveal without meaning to.,,,,,betrays,,,,,,letter-b | wrong-answer | multi-sense,2,Definitions from SAT Reading and Writing Vocabulary. Example sentence drafted for this app and not yet editor-approved.,approved,draft
biennial,biennial,,adjective,,,happening every two years,"an event held every two years, such as an art show","The text calls it biennial, meaning happening every two years.","The text calls it _____, meaning happening every two years.",,,,,,,,The source also lists noun sense.,,,letter-b | correct-answer | multi-sense,2,Definitions from SAT Reading and Writing Vocabulary. Example sentence drafted for this app and not yet editor-approved.,approved,draft
billow,billow,billows,verb,,,"swell or roll outward, like smoke or a sail",,"The writer uses billow for a change that will swell or roll outward, like smoke or a sail.","The writer uses _____ for a change that will swell or roll outward, like smoke or a sail.",,,,,billows,,,,,,letter-b | passage-or-stem,2,Definitions from SAT Reading and Writing Vocabulary. Example sentence drafted for this app and not yet editor-approved.,approved,draft
bleak,bleak,,adjective,,,bare and cold,hopeless,"If something is bleak, it is bare and cold.","If something is _____, it is bare and cold.",,,,,,,,,,,letter-b | wrong-answer | multi-sense,2,Definitions from SAT Reading and Writing Vocabulary. Example sentence drafted for this app and not yet editor-approved.,approved,draft
blemish,blemish,,noun,,,flaw or mark that spoils appearance,,"The passage refers to a blemish, flaw or mark that spoils appearance.","The passage refers to a _____, flaw or mark that spoils appearance.",,,,,,,,,,,letter-b | wrong-answer,2,Definitions from SAT Reading and Writing Vocabulary. Example sentence drafted for this app and not yet editor-approved.,approved,draft
bolster,bolster,,verb,,,"support, strengthen",,The new study bolsters the claim that sleep improves memory. | A kind note from her coach bolstered her confidence before the match.,The new study _____ the claim that sleep improves memory. | A kind note from her coach _____ her confidence before the match.,support | reinforce,prop up,undermine | weaken,bolster a claim | bolster confidence,,Originally a long pillow. The verb grew from the idea of propping something up.,formal,"Bolster and buttress both mean support. Bolster is common for confidence, arguments, and morale. Buttress often suggests a firmer structural support.",bolster versus buttress: both support; buttress sounds more structural,A bolster is a pillow that props you up. Evidence can bolster a claim the same way.,letter-b | wrong-answer,2,Definitions from SAT Reading and Writing Vocabulary. Examples and notes written for this app.,approved,approved
bough,bough,boughs,adjective,,,main branch of a tree,,"If something is bough, it is main branch of a tree.","If something is _____, it is main branch of a tree.",,,,,boughs,,,,,,letter-b | wrong-answer,2,Definitions from SAT Reading and Writing Vocabulary. Example sentence drafted for this app and not yet editor-approved.,approved,draft
brazen,brazen,,adjective,,,bold and shameless,,A brazen case is one that is bold and shameless.,A _____ case is one that is bold and shameless.,,,,,,,,,,,letter-b | wrong-answer,2,Definitions from SAT Reading and Writing Vocabulary. Example sentence drafted for this app and not yet editor-approved.,approved,draft
breadth,breadth,,adjective,,,wide range,width,"The text calls it breadth, meaning wide range.","The text calls it _____, meaning wide range.",,,,,,,,,,,letter-b | passage-or-stem | multi-sense,2,Definitions from SAT Reading and Writing Vocabulary. Example sentence drafted for this app and not yet editor-approved.,approved,draft
burgeoning,burgeoning,,adjective,,,growing or expanding rapidly,,"The burgeoning neighborhood added a bakery, a clinic, and two bus lines in one year. | Her burgeoning interest in geology started with a single cracked rock.","The _____ neighborhood added a bakery, a clinic, and two bus lines in one year. | Her _____ interest in geology started with a single cracked rock.",growing | flourishing,booming,shrinking | dwindling,burgeoning industry | burgeoning interest,burgeon,"Old French bourgeon, a bud. To burgeon is to bud and then grow quickly.",formal,"Burgeoning describes rapid growth already underway, not a single finished increase.",burgeoning (growing fast) versus burdensome (heavy and troublesome),A burgeoning city is budding: new growth everywhere.,letter-b | passage-or-stem,3,Definitions from SAT Reading and Writing Vocabulary. Examples and notes written for this app.,approved,approved
buttress,buttress,,verb,,,"support, strengthen",,The lawyer buttressed her case with three written statements. | Stone buttresses hold the old church walls in place.,The lawyer _____ her case with three written statements. | Stone _____ hold the old church walls in place.,support | reinforce,brace,undermine,buttress an argument | flying buttress,,A buttress is an architectural support built against a wall. The verb means to support in that firm way.,formal,"As a noun, a buttress is a support on a building. As a verb, it means strengthen an argument, system, or structure.",buttress versus bolster: close synonyms; buttress often feels more structural,Picture a stone brace against a cathedral wall: it buttresses the building.,letter-b | correct-answer,3,Definitions from SAT Reading and Writing Vocabulary. Examples and notes written for this app.,approved,approved
cadence,cadence,,noun,,,rhythm,the rise and fall of a voice or music,"Readers meet a cadence, meaning rhythm.","Readers meet a _____, meaning rhythm.",,,,,,,,,,,letter-c | passage-or-stem | multi-sense,2,Definitions from SAT Reading and Writing Vocabulary. Example sentence drafted for this app and not yet editor-approved.,approved,draft
calibrate,calibrate,calibration,verb,,,adjust (an instrument) so its readings are accurate,,To calibrate is to adjust so its readings are accurate.,To _____ is to adjust so its readings are accurate.,,,,,calibration,,,,,,letter-c | wrong-answer,3,Definitions from SAT Reading and Writing Vocabulary. Example sentence drafted for this app and not yet editor-approved.,approved,draft
canonical,canonical,,adjective,,,accepted as standard or authoritative,,A canonical case is one that is accepted as standard or authoritative.,A _____ case is one that is accepted as standard or authoritative.,,,,,,,,,,,letter-c | passage-or-stem,3,Definitions from SAT Reading and Writing Vocabulary. Example sentence drafted for this app and not yet editor-approved.,approved,draft
capacious,capacious,,adjective,,,"roomy, able to hold a lot",,"If something is capacious, it is roomy, able to hold a lot.","If something is _____, it is roomy, able to hold a lot.",,,,,,,,,,,letter-c | passage-or-stem,3,Definitions from SAT Reading and Writing Vocabulary. Example sentence drafted for this app and not yet editor-approved.,approved,draft
caricature,caricature,,adjective,,,exaggerated portrayal for comic effect,,"If something is caricature, it is exaggerated portrayal for comic effect.","If something is _____, it is exaggerated portrayal for comic effect.",,,,,,,,,,,letter-c | wrong-answer,3,Definitions from SAT Reading and Writing Vocabulary. Example sentence drafted for this app and not yet editor-approved.,approved,draft
catalyst,catalyst,,noun,,,something that causes or speeds up change,,"The passage refers to a catalyst, something that causes or speeds up change.","The passage refers to a _____, something that causes or speeds up change.",,,,,,,,,,,letter-c | correct-answer,2,Definitions from SAT Reading and Writing Vocabulary. Example sentence drafted for this app and not yet editor-approved.,approved,draft
chortle,chortle,,verb,,,laugh gleefully,,"In the passage, things start to chortle: they laugh gleefully.","In the passage, things start to _____: they laugh gleefully.",,,,,,,,,,,letter-c | correct-answer,2,Definitions from SAT Reading and Writing Vocabulary. Example sentence drafted for this app and not yet editor-approved.,approved,draft
circumvent,circumvent,,verb,,,find a way around (a rule or obstacle),,"In the passage, things start to circumvent: they find a way around.","In the passage, things start to _____: they find a way around.",,,,,,,,,,,letter-c | wrong-answer,3,Definitions from SAT Reading and Writing Vocabulary. Example sentence drafted for this app and not yet editor-approved.,approved,draft
citadel,citadel,,noun,,,fortress protecting a city,,"The passage refers to a citadel, fortress protecting a city.","The passage refers to a _____, fortress protecting a city.",,,,,,,,,,,letter-c | passage-or-stem,2,Definitions from SAT Reading and Writing Vocabulary. Example sentence drafted for this app and not yet editor-approved.,approved,draft
cliche-d,clichéd,,adjective,,,overused and unoriginal,,A clichéd case is one that is overused and unoriginal.,A _____ case is one that is overused and unoriginal.,,,,,,,,,,,letter-c | passage-or-stem,2,Definitions from SAT Reading and Writing Vocabulary. Example sentence drafted for this app and not yet editor-approved.,approved,draft
coalesce,coalesce,coalesced,verb,,,come together into one whole,,The writer uses coalesce for a change that will come together into one whole.,The writer uses _____ for a change that will come together into one whole.,,,,,coalesced,,,,,,letter-c | passage-or-stem,2,Definitions from SAT Reading and Writing Vocabulary. Example sentence drafted for this app and not yet editor-approved.,approved,draft
coarse,coarse,,adjective,,,rough in texture,"crude, vulgar","The text calls it coarse, meaning rough in texture.","The text calls it _____, meaning rough in texture.",,,,,,,,,,,letter-c | correct-answer | multi-sense,2,Definitions from SAT Reading and Writing Vocabulary. Example sentence drafted for this app and not yet editor-approved.,approved,draft
codify,codify,,verb,,,arrange (laws or rules) into a formal system,,The writer uses codify for a change that will arrange into a formal system.,The writer uses _____ for a change that will arrange into a formal system.,,,,,,,,,,,letter-c | passage-or-stem,2,Definitions from SAT Reading and Writing Vocabulary. Example sentence drafted for this app and not yet editor-approved.,approved,draft
cognate,cognate,,adjective,,,"related in origin, like words that share a root",,"The text calls it cognate, meaning related in origin, like words that share a root.","The text calls it _____, meaning related in origin, like words that share a root.",,,,,,,,,,,letter-c | passage-or-stem,2,Definitions from SAT Reading and Writing Vocabulary. Example sentence drafted for this app and not yet editor-approved.,approved,draft
coherent,coherent,coherence,adjective,,,logical and consistent,,"If something is coherent, it is logical and consistent.","If something is _____, it is logical and consistent.",,,,,coherence,,,,,,letter-c | passage-or-stem,2,Definitions from SAT Reading and Writing Vocabulary. Example sentence drafted for this app and not yet editor-approved.,approved,draft
cohesion,cohesion,cohesive,noun,,,unity,the act of holding together,"The passage refers to a cohesion, unity.","The passage refers to a _____, unity.",,,,,cohesive,,,,,,letter-c | wrong-answer | multi-sense,2,Definitions from SAT Reading and Writing Vocabulary. Example sentence drafted for this app and not yet editor-approved.,approved,draft
colossal,colossal,,adjective,,,enormous,,"The text calls it colossal, meaning enormous.","The text calls it _____, meaning enormous.",,,,,,,,,,,letter-c | passage-or-stem,2,Definitions from SAT Reading and Writing Vocabulary. Example sentence drafted for this app and not yet editor-approved.,approved,draft
commemorate,commemorate,,noun,,,honor the memory of,,"Readers meet a commemorate, meaning honor the memory of.","Readers meet a _____, meaning honor the memory of.",,,,,,,,,,,letter-c | correct-answer,3,Definitions from SAT Reading and Writing Vocabulary. Example sentence drafted for this app and not yet editor-approved.,approved,draft
commendable,commendable,,adjective,,,deserving praise,,"The text calls it commendable, meaning deserving praise.","The text calls it _____, meaning deserving praise.",,,,,,,,,,,letter-c | wrong-answer,3,Definitions from SAT Reading and Writing Vocabulary. Example sentence drafted for this app and not yet editor-approved.,approved,draft
commonality,commonality,commonalities,adjective,,,shared feature or quality,,"If something is commonality, it is shared feature or quality.","If something is _____, it is shared feature or quality.",,,,,commonalities,,,,,,letter-c | correct-answer,3,Definitions from SAT Reading and Writing Vocabulary. Example sentence drafted for this app and not yet editor-approved.,approved,draft
commonplace,commonplace,,adjective,,,"ordinary, unremarkable",,"The text calls it commonplace, meaning ordinary, unremarkable.","The text calls it _____, meaning ordinary, unremarkable.",,,,,,,,,,,letter-c | wrong-answer,3,Definitions from SAT Reading and Writing Vocabulary. Example sentence drafted for this app and not yet editor-approved.,approved,draft
compelling,compelling,,adjective,,,convincing,holding attention strongly,"The text calls it compelling, meaning convincing.","The text calls it _____, meaning convincing.",,,,,,,,,,,letter-c | wrong-answer | multi-sense,3,Definitions from SAT Reading and Writing Vocabulary. Example sentence drafted for this app and not yet editor-approved.,approved,draft
complement,complement,complementary,verb,,,complete or enhance,each supplying what the other lacks,To complement is to complete or enhance.,To _____ is to complete or enhance.,,,,,complementary,,,The source also lists adjective sense.,,,letter-c | correct-answer | multi-sense,3,Definitions from SAT Reading and Writing Vocabulary. Example sentence drafted for this app and not yet editor-approved.,approved,draft
composure,composure,,noun,,,"calmness, self-control",,"What matters in the sentence is a composure: calmness, self-control.","What matters in the sentence is a _____: calmness, self-control.",,,,,,,,,,,letter-c | wrong-answer,3,Definitions from SAT Reading and Writing Vocabulary. Example sentence drafted for this app and not yet editor-approved.,approved,draft
comprise,comprise,,verb,,,consist of,make up,The writer uses comprise for a change that will consist of.,The writer uses _____ for a change that will consist of.,,,,,,,,,,,letter-c | correct-answer | multi-sense,2,Definitions from SAT Reading and Writing Vocabulary. Example sentence drafted for this app and not yet editor-approved.,approved,draft
concede,concede,concession,verb,,,"admit something is true, often reluctantly",,"To concede is to admit something is true, often reluctantly.","To _____ is to admit something is true, often reluctantly.",,,,,concession,,,,,,letter-c | correct-answer,2,Definitions from SAT Reading and Writing Vocabulary. Example sentence drafted for this app and not yet editor-approved.,approved,draft
conceptualize,conceptualize,,verb,,,form an idea of,,"In the passage, things start to conceptualize: they form an idea of.","In the passage, things start to _____: they form an idea of.",,,,,,,,,,,letter-c | wrong-answer,4,Definitions from SAT Reading and Writing Vocabulary. Example sentence drafted for this app and not yet editor-approved.,approved,draft
concise,concise,,adjective,,,brief but complete,,"The text calls it concise, meaning brief but complete.","The text calls it _____, meaning brief but complete.",,,,,,,,,,,letter-c | passage-or-stem,2,Definitions from SAT Reading and Writing Vocabulary. Example sentence drafted for this app and not yet editor-approved.,approved,draft
concur,concur,concurring,verb,,,agree,,To concur is to agree.,To _____ is to agree.,,,,,concurring,,,,,,letter-c | wrong-answer,2,Definitions from SAT Reading and Writing Vocabulary. Example sentence drafted for this app and not yet editor-approved.,approved,draft
concurrent,concurrent,,noun,,,happening at the same time,,"The passage refers to a concurrent, happening at the same time.","The passage refers to a _____, happening at the same time.",,,,,,,,,,,letter-c | passage-or-stem,3,Definitions from SAT Reading and Writing Vocabulary. Example sentence drafted for this app and not yet editor-approved.,approved,draft
conducive,conducive,,verb,,,helping to bring about (a result),,"In the passage, things start to conducive: they helping to bring about.","In the passage, things start to _____: they helping to bring about.",,,,,,,,,,,letter-c | passage-or-stem,3,Definitions from SAT Reading and Writing Vocabulary. Example sentence drafted for this app and not yet editor-approved.,approved,draft
confer,confer,,verb,,,grant (a title or right),also consult,To confer is to grant.,To _____ is to grant.,,,,,,,,,,,letter-c | wrong-answer | multi-sense,2,Definitions from SAT Reading and Writing Vocabulary. Example sentence drafted for this app and not yet editor-approved.,approved,draft
conflate,conflate,,verb,,,merge distinct things into one,confuse,To conflate is to merge distinct things into one.,To _____ is to merge distinct things into one.,,,,,,,,,,,letter-c | wrong-answer | multi-sense,2,Definitions from SAT Reading and Writing Vocabulary. Example sentence drafted for this app and not yet editor-approved.,approved,draft
conform,conform,conformity,verb,,,act in accordance with rules or standards,,"In the passage, things start to conform: they act in accordance with rules or standards.","In the passage, things start to _____: they act in accordance with rules or standards.",,,,,conformity,,,,,,letter-c | correct-answer,2,Definitions from SAT Reading and Writing Vocabulary. Example sentence drafted for this app and not yet editor-approved.,approved,draft
confound,confound,confounding,verb,,,"confuse, puzzle",complicate (a confounding variable is a hidden factor that distorts a result),"The writer uses confound for a change that will confuse, puzzle.","The writer uses _____ for a change that will confuse, puzzle.",,,,,confounding,,,,,,letter-c | passage-or-stem | multi-sense,2,Definitions from SAT Reading and Writing Vocabulary. Example sentence drafted for this app and not yet editor-approved.,approved,draft
conjecture,conjecture,,noun,,,a guess made without full proof,,"Readers meet a conjecture, meaning a guess made without full proof.","Readers meet a _____, meaning a guess made without full proof.",,,,,,,,,,,letter-c | correct-answer,3,Definitions from SAT Reading and Writing Vocabulary. Example sentence drafted for this app and not yet editor-approved.,approved,draft
connoisseur,connoisseur,,noun,,,expert judge of art or taste,,"The passage refers to a connoisseur, expert judge of art or taste.","The passage refers to a _____, expert judge of art or taste.",,,,,,,,,,,letter-c | wrong-answer,3,Definitions from SAT Reading and Writing Vocabulary. Example sentence drafted for this app and not yet editor-approved.,approved,draft
consecrate,consecrate,,verb,,,make or declare sacred,,"In the passage, things start to consecrate: they make or declare sacred.","In the passage, things start to _____: they make or declare sacred.",,,,,,,,,,,letter-c | wrong-answer,3,Definitions from SAT Reading and Writing Vocabulary. Example sentence drafted for this app and not yet editor-approved.,approved,draft
consequential,consequential,,adjective,,,"important, having significant results",,"The text calls it consequential, meaning important, having significant results.","The text calls it _____, meaning important, having significant results.",,,,,,,,,,,letter-c | wrong-answer,4,Definitions from SAT Reading and Writing Vocabulary. Example sentence drafted for this app and not yet editor-approved.,approved,draft
conspicuous,conspicuous,conspicuously,adverb,,,"easily noticed, standing out",,"The narrator says it happened conspicuous, which means easily noticed, standing out.","The narrator says it happened _____, which means easily noticed, standing out.",,,,,conspicuously,,,,,,letter-c | passage-or-stem,3,Definitions from SAT Reading and Writing Vocabulary. Example sentence drafted for this app and not yet editor-approved.,approved,draft
constraint,constraint,constrain,noun,,,a limitation,to limit,"The passage refers to a constraint, a limitation.","The passage refers to a _____, a limitation.",,,,,constrain,,,The source also lists verb sense.,,,letter-c | correct-answer | multi-sense,3,Definitions from SAT Reading and Writing Vocabulary. Example sentence drafted for this app and not yet editor-approved.,approved,draft
contagion,contagion,,verb,,,spread of disease,spread of an idea or feeling,To contagion is to spread of disease.,To _____ is to spread of disease.,,,,,,,,,,,letter-c | correct-answer | multi-sense,3,Definitions from SAT Reading and Writing Vocabulary. Example sentence drafted for this app and not yet editor-approved.,approved,draft
contemporaneous,contemporaneous,contemporaneously,adjective,,,existing or happening at the same time,,A contemporaneous case is one that is existing or happening at the same time.,A _____ case is one that is existing or happening at the same time.,,,,,contemporaneously,,,,,,letter-c | correct-answer,4,Definitions from SAT Reading and Writing Vocabulary. Example sentence drafted for this app and not yet editor-approved.,approved,draft
contemporary,contemporary,contemporaries,noun,,,person living at the same time as another,modern,"The passage refers to a contemporary, person living at the same time as another.","The passage refers to a _____, person living at the same time as another.",,,,,contemporaries,,,The source also lists adjective sense.,,,letter-c | wrong-answer | multi-sense,4,Definitions from SAT Reading and Writing Vocabulary. Example sentence drafted for this app and not yet editor-approved.,approved,draft
contentious,contentious,,verb,,,causing or likely to cause argument,,"In the passage, things start to contentious: they causing or likely to cause argument.","In the passage, things start to _____: they causing or likely to cause argument.",,,,,,,,,,,letter-c | wrong-answer,3,Definitions from SAT Reading and Writing Vocabulary. Example sentence drafted for this app and not yet editor-approved.,approved,draft
contingent,contingent,,adjective,,,dependent on something else,possible,"The text calls it contingent, meaning dependent on something else.","The text calls it _____, meaning dependent on something else.",,,,,,,,,,,letter-c | correct-answer | multi-sense,3,Definitions from SAT Reading and Writing Vocabulary. Example sentence drafted for this app and not yet editor-approved.,approved,draft
contrivance,contrivance,contrived,noun,,,clever device or scheme,"artificial, forced","The passage refers to a contrivance, clever device or scheme.","The passage refers to a _____, clever device or scheme.",,,,,contrived,,,The source also lists adjective sense.,,,letter-c | wrong-answer | multi-sense,3,Definitions from SAT Reading and Writing Vocabulary. Example sentence drafted for this app and not yet editor-approved.,approved,draft
convene,convene,convened,verb,,,gather for a meeting,,To convene is to gather for a meeting.,To _____ is to gather for a meeting.,,,,,convened,,,,,,letter-c | passage-or-stem,2,Definitions from SAT Reading and Writing Vocabulary. Example sentence drafted for this app and not yet editor-approved.,approved,draft
converge,converge,,verb,,,come together from different directions,,To converge is to come together from different directions.,To _____ is to come together from different directions.,,,,,,,,,,,letter-c | passage-or-stem,2,Definitions from SAT Reading and Writing Vocabulary. Example sentence drafted for this app and not yet editor-approved.,approved,draft
conversant,conversant,,adjective,,,"familiar with, knowledgeable about",,"The text calls it conversant, meaning familiar with, knowledgeable about.","The text calls it _____, meaning familiar with, knowledgeable about.",,,,,,,,,,,letter-c | passage-or-stem,3,Definitions from SAT Reading and Writing Vocabulary. Example sentence drafted for this app and not yet editor-approved.,approved,draft
cordial,cordial,cordially,adjective,,,warm and friendly,,"If something is cordial, it is warm and friendly.","If something is _____, it is warm and friendly.",,,,,cordially,,,,,,letter-c | wrong-answer,2,Definitions from SAT Reading and Writing Vocabulary. Example sentence drafted for this app and not yet editor-approved.,approved,draft
corollary,corollary,,noun,,,natural consequence or result,,What matters in the sentence is a corollary: natural consequence or result.,What matters in the sentence is a _____: natural consequence or result.,,,,,,,,,,,letter-c | passage-or-stem,3,Definitions from SAT Reading and Writing Vocabulary. Example sentence drafted for this app and not yet editor-approved.,approved,draft
corpulent,corpulent,,adjective,,,"fat, stout, heavy-bodied",,"A corpulent case is one that is fat, stout, heavy-bodied.","A _____ case is one that is fat, stout, heavy-bodied.",,,,,,,,,,,letter-c | passage-or-stem | not-in-bank,3,Definitions from SAT Reading and Writing Vocabulary. Example sentence drafted for this app and not yet editor-approved.,approved,draft
corroborate,corroborate,corroboration,verb,,,confirm with evidence,,The writer uses corroborate for a change that will confirm with evidence.,The writer uses _____ for a change that will confirm with evidence.,,,,,corroboration,,,,,,letter-c | correct-answer,3,Definitions from SAT Reading and Writing Vocabulary. Example sentence drafted for this app and not yet editor-approved.,approved,draft
counteract,counteract,,verb,,,"act against, neutralize",,"The writer uses counteract for a change that will act against, neutralize.","The writer uses _____ for a change that will act against, neutralize.",,,,,,,,,,,letter-c | wrong-answer,3,Definitions from SAT Reading and Writing Vocabulary. Example sentence drafted for this app and not yet editor-approved.,approved,draft
counterfactual,counterfactual,,adjective,,,contrary to fact,imagining what did not happen,"The text calls it counterfactual, meaning contrary to fact.","The text calls it _____, meaning contrary to fact.",,,,,,,,,,,letter-c | correct-answer | multi-sense,4,Definitions from SAT Reading and Writing Vocabulary. Example sentence drafted for this app and not yet editor-approved.,approved,draft
counterfeit,counterfeit,,adjective,,,"fake, forged",,"A counterfeit case is one that is fake, forged.","A _____ case is one that is fake, forged.",,,,,,,,,,,letter-c | passage-or-stem,3,Definitions from SAT Reading and Writing Vocabulary. Example sentence drafted for this app and not yet editor-approved.,approved,draft
counterintuitive,counterintuitive,,adjective,,,contrary to what common sense expects,,"If something is counterintuitive, it is contrary to what common sense expects.","If something is _____, it is contrary to what common sense expects.",,,,,,,,,,,letter-c | wrong-answer,4,Definitions from SAT Reading and Writing Vocabulary. Example sentence drafted for this app and not yet editor-approved.,approved,draft
couplet,couplet,,noun,,,"two consecutive lines of poetry, usually rhyming",,"The passage refers to a couplet, two consecutive lines of poetry, usually rhyming.","The passage refers to a _____, two consecutive lines of poetry, usually rhyming.",,,,,,,,,,,letter-c | passage-or-stem,2,Definitions from SAT Reading and Writing Vocabulary. Example sentence drafted for this app and not yet editor-approved.,approved,draft
courtier,courtier,,noun,,,attendant at a royal court,,What matters in the sentence is a courtier: attendant at a royal court.,What matters in the sentence is a _____: attendant at a royal court.,,,,,,,,,,,letter-c | passage-or-stem,2,Definitions from SAT Reading and Writing Vocabulary. Example sentence drafted for this app and not yet editor-approved.,approved,draft
courtly,courtly,,verb,,,relating to a royal court,polite and dignified,"In the passage, things start to courtly: they relating to a royal court.","In the passage, things start to _____: they relating to a royal court.",,,,,,,,,,,letter-c | passage-or-stem | multi-sense,2,Definitions from SAT Reading and Writing Vocabulary. Example sentence drafted for this app and not yet editor-approved.,approved,draft
credence,credence,,noun,,,"belief, acceptance as true",,"The passage refers to a credence, belief, acceptance as true.","The passage refers to a _____, belief, acceptance as true.",,,,,,,,,,,letter-c | passage-or-stem,2,Definitions from SAT Reading and Writing Vocabulary. Example sentence drafted for this app and not yet editor-approved.,approved,draft
croon,croon,crooned,verb,,,sing or hum softly,,To croon is to sing or hum softly.,To _____ is to sing or hum softly.,,,,,crooned,,,,,,letter-c | correct-answer,2,Definitions from SAT Reading and Writing Vocabulary. Example sentence drafted for this app and not yet editor-approved.,approved,draft
cryptic,cryptic,,adjective,,,"mysterious, hard to understand",,"The text calls it cryptic, meaning mysterious, hard to understand.","The text calls it _____, meaning mysterious, hard to understand.",,,,,,,,,,,letter-c | passage-or-stem,2,Definitions from SAT Reading and Writing Vocabulary. Example sentence drafted for this app and not yet editor-approved.,approved,draft
culminate,culminate,culminates,verb,,,reach a final or highest point,,To culminate is to reach a final or highest point.,To _____ is to reach a final or highest point.,,,,,culminates,,,,,,letter-c | passage-or-stem,3,Definitions from SAT Reading and Writing Vocabulary. Example sentence drafted for this app and not yet editor-approved.,approved,draft
curb,curb,,verb,,,"restrain, keep in check",,"The writer uses curb for a change that will restrain, keep in check.","The writer uses _____ for a change that will restrain, keep in check.",,,,,,,,,,,letter-c | correct-answer,2,Definitions from SAT Reading and Writing Vocabulary. Example sentence drafted for this app and not yet editor-approved.,approved,draft
curtail,curtail,curtailment,verb,,,"cut short, reduce",,"The writer uses curtail for a change that will cut short, reduce.","The writer uses _____ for a change that will cut short, reduce.",,,,,curtailment,,,,,,letter-c | wrong-answer,2,Definitions from SAT Reading and Writing Vocabulary. Example sentence drafted for this app and not yet editor-approved.,approved,draft
daunting,daunting,,adjective,,,"intimidating, discouraging",,"The text calls it daunting, meaning intimidating, discouraging.","The text calls it _____, meaning intimidating, discouraging.",,,,,,,,,,,letter-d | passage-or-stem,2,Definitions from SAT Reading and Writing Vocabulary. Example sentence drafted for this app and not yet editor-approved.,approved,draft
debase,debase,debased,verb,,,"lower in quality, value, or dignity",,"To debase is to lower in quality, value, or dignity.","To _____ is to lower in quality, value, or dignity.",,,,,debased,,,,,,letter-d | wrong-answer,2,Definitions from SAT Reading and Writing Vocabulary. Example sentence drafted for this app and not yet editor-approved.,approved,draft
decidedly,decidedly,,adverb,,,"clearly, definitely",,"The narrator says it happened decidedly, which means clearly, definitely.","The narrator says it happened _____, which means clearly, definitely.",,,,,,,,,,,letter-d | passage-or-stem,3,Definitions from SAT Reading and Writing Vocabulary. Example sentence drafted for this app and not yet editor-approved.,approved,draft
decipher,decipher,,verb,,,"decode, figure out",,"In the passage, things start to decipher: they decode, figure out.","In the passage, things start to _____: they decode, figure out.",,,,,,,,,,,letter-d | correct-answer,2,Definitions from SAT Reading and Writing Vocabulary. Example sentence drafted for this app and not yet editor-approved.,approved,draft
decouple,decouple,,verb,,,"separate, disconnect",,"To decouple is to separate, disconnect.","To _____ is to separate, disconnect.",,,,,,,,,,,letter-d | wrong-answer,2,Definitions from SAT Reading and Writing Vocabulary. Example sentence drafted for this app and not yet editor-approved.,approved,draft
deem,deem,deemed,verb,,,"consider, judge",,"The writer uses deem for a change that will consider, judge.","The writer uses _____ for a change that will consider, judge.",,,,,deemed,,,,,,letter-d | correct-answer,2,Definitions from SAT Reading and Writing Vocabulary. Example sentence drafted for this app and not yet editor-approved.,approved,draft
deface,deface,,verb,,,spoil the surface or appearance of,,The writer uses deface for a change that will spoil the surface or appearance of.,The writer uses _____ for a change that will spoil the surface or appearance of.,,,,,,,,,,,letter-d | passage-or-stem,2,Definitions from SAT Reading and Writing Vocabulary. Example sentence drafted for this app and not yet editor-approved.,approved,draft
deference,deference,,adjective,,,respectful yielding to another,,"The text calls it deference, meaning respectful yielding to another.","The text calls it _____, meaning respectful yielding to another.",,,,,,,,,,,letter-d | wrong-answer,3,Definitions from SAT Reading and Writing Vocabulary. Example sentence drafted for this app and not yet editor-approved.,approved,draft
defunct,defunct,,adjective,,,no longer existing or working,,A defunct case is one that is no longer existing or working.,A _____ case is one that is no longer existing or working.,,,,,,,,,,,letter-d | correct-answer,2,Definitions from SAT Reading and Writing Vocabulary. Example sentence drafted for this app and not yet editor-approved.,approved,draft
delectable,delectable,,adjective,,,delicious,delightful,"If something is delectable, it is delicious.","If something is _____, it is delicious.",,,,,,,,,,,letter-d | wrong-answer | multi-sense,3,Definitions from SAT Reading and Writing Vocabulary. Example sentence drafted for this app and not yet editor-approved.,approved,draft
deleterious,deleterious,,adjective,,,harmful,,"The text calls it deleterious, meaning harmful.","The text calls it _____, meaning harmful.",,,,,,,,,,,letter-d | wrong-answer,3,Definitions from SAT Reading and Writing Vocabulary. Example sentence drafted for this app and not yet editor-approved.,approved,draft
deliberate,deliberate,deliberation,adjective,,,intentional,think over carefully,"If something is deliberate, it is intentional.","If something is _____, it is intentional.",,,,,deliberation,,,The source also lists verb sense.,,,letter-d | wrong-answer | multi-sense,3,Definitions from SAT Reading and Writing Vocabulary. Example sentence drafted for this app and not yet editor-approved.,approved,draft
delineate,delineate,,verb,,,describe or outline precisely,,"In the passage, things start to delineate: they describe or outline precisely.","In the passage, things start to _____: they describe or outline precisely.",,,,,,,,,,,letter-d | passage-or-stem,3,Definitions from SAT Reading and Writing Vocabulary. Example sentence drafted for this app and not yet editor-approved.,approved,draft
delve,delve,,verb,,,dig deeply,research thoroughly,To delve is to dig deeply.,To _____ is to dig deeply.,,,,,,,,,,,letter-d | wrong-answer | multi-sense,2,Definitions from SAT Reading and Writing Vocabulary. Example sentence drafted for this app and not yet editor-approved.,approved,draft
demarcate,demarcate,,verb,,,mark the limits of,set apart,To demarcate is to mark the limits of.,To _____ is to mark the limits of.,,,,,,,,,,,letter-d | correct-answer | multi-sense,3,Definitions from SAT Reading and Writing Vocabulary. Example sentence drafted for this app and not yet editor-approved.,approved,draft
demeanor,demeanor,,adjective,,,outward behavior or manner,,"The text calls it demeanor, meaning outward behavior or manner.","The text calls it _____, meaning outward behavior or manner.",,,,,,,,,,,letter-d | wrong-answer,2,Definitions from SAT Reading and Writing Vocabulary. Example sentence drafted for this app and not yet editor-approved.,approved,draft
demonstrative,demonstrative,,adverb,,,openly showing feelings,,"The narrator says it happened demonstrative, which means openly showing feelings.","The narrator says it happened _____, which means openly showing feelings.",,,,,,,,,,,letter-d | passage-or-stem,4,Definitions from SAT Reading and Writing Vocabulary. Example sentence drafted for this app and not yet editor-approved.,approved,draft
denigrate,denigrate,,verb,,,"criticize unfairly, belittle",,"In the passage, things start to denigrate: they criticize unfairly, belittle.","In the passage, things start to _____: they criticize unfairly, belittle.",,,,,,,,,,,letter-d | wrong-answer,3,Definitions from SAT Reading and Writing Vocabulary. Example sentence drafted for this app and not yet editor-approved.,approved,draft
denote,denote,,verb,,,"indicate, mean",,"The writer uses denote for a change that will indicate, mean.","The writer uses _____ for a change that will indicate, mean.",,,,,,,,,,,letter-d | wrong-answer,2,Definitions from SAT Reading and Writing Vocabulary. Example sentence drafted for this app and not yet editor-approved.,approved,draft
deplete,deplete,depleted,verb,,,"use up, reduce",,"To deplete is to use up, reduce.","To _____ is to use up, reduce.",,,,,depleted,,,,,,letter-d | wrong-answer,2,Definitions from SAT Reading and Writing Vocabulary. Example sentence drafted for this app and not yet editor-approved.,approved,draft
deplore,deplore,,adverb,,,strongly disapprove of,,"The narrator says it happened deplore, which means strongly disapprove of.","The narrator says it happened _____, which means strongly disapprove of.",,,,,,,,,,,letter-d | wrong-answer,2,Definitions from SAT Reading and Writing Vocabulary. Example sentence drafted for this app and not yet editor-approved.,approved,draft
depose,depose,,verb,,,remove from power,,"In the passage, things start to depose: they remove from power.","In the passage, things start to _____: they remove from power.",,,,,,,,,,,letter-d | wrong-answer,2,Definitions from SAT Reading and Writing Vocabulary. Example sentence drafted for this app and not yet editor-approved.,approved,draft
desacralize,desacralize,,verb,,,strip of religious or sacred status,,The writer uses desacralize for a change that will strip of religious or sacred status.,The writer uses _____ for a change that will strip of religious or sacred status.,,,,,,,,,,,letter-d | passage-or-stem,3,Definitions from SAT Reading and Writing Vocabulary. Example sentence drafted for this app and not yet editor-approved.,approved,draft
desiccation,desiccation,,adjective,,,thorough drying out,,"The text calls it desiccation, meaning thorough drying out.","The text calls it _____, meaning thorough drying out.",,,,,,,,,,,letter-d | passage-or-stem,3,Definitions from SAT Reading and Writing Vocabulary. Example sentence drafted for this app and not yet editor-approved.,approved,draft
desirous,desirous,,adjective,,,"wanting, wishing",,"A desirous case is one that is wanting, wishing.","A _____ case is one that is wanting, wishing.",,,,,,,,,,,letter-d | passage-or-stem,2,Definitions from SAT Reading and Writing Vocabulary. Example sentence drafted for this app and not yet editor-approved.,approved,draft
desultory,desultory,,adjective,,,lacking plan or purpose,aimless,A desultory case is one that is lacking plan or purpose.,A _____ case is one that is lacking plan or purpose.,,,,,,,,,,,letter-d | wrong-answer | multi-sense,3,Definitions from SAT Reading and Writing Vocabulary. Example sentence drafted for this app and not yet editor-approved.,approved,draft
deter,deter,deterrent,verb,,,discourage,something that discourages,To deter is to discourage.,To _____ is to discourage.,,,,,deterrent,,,The source also lists noun sense.,,,letter-d | wrong-answer | multi-sense,2,Definitions from SAT Reading and Writing Vocabulary. Example sentence drafted for this app and not yet editor-approved.,approved,draft
deviate,deviate,,verb,,,depart from a norm or course,,To deviate is to depart from a norm or course.,To _____ is to depart from a norm or course.,,,,,,,,,,,letter-d | wrong-answer,2,Definitions from SAT Reading and Writing Vocabulary. Example sentence drafted for this app and not yet editor-approved.,approved,draft
devoid,devoid,,adverb,,,completely lacking,,"The narrator says it happened devoid, which means completely lacking.","The narrator says it happened _____, which means completely lacking.",,,,,,,,,,,letter-d | passage-or-stem,2,Definitions from SAT Reading and Writing Vocabulary. Example sentence drafted for this app and not yet editor-approved.,approved,draft
dexterity,dexterity,dexterous,noun,,,skill with the hands or mind,,What matters in the sentence is a dexterity: skill with the hands or mind.,What matters in the sentence is a _____: skill with the hands or mind.,,,,,dexterous,,,,,,letter-d | passage-or-stem,3,Definitions from SAT Reading and Writing Vocabulary. Example sentence drafted for this app and not yet editor-approved.,approved,draft
diabolical,diabolical,,adjective,,,"evil, fiendish",,"The text calls it diabolical, meaning evil, fiendish.","The text calls it _____, meaning evil, fiendish.",,,,,,,,,,,letter-d | correct-answer,3,Definitions from SAT Reading and Writing Vocabulary. Example sentence drafted for this app and not yet editor-approved.,approved,draft
diaspora,diaspora,,noun,,,people scattered from their homeland,,What matters in the sentence is a diaspora: people scattered from their homeland.,What matters in the sentence is a _____: people scattered from their homeland.,,,,,,,,,,,letter-d | passage-or-stem,2,Definitions from SAT Reading and Writing Vocabulary. Example sentence drafted for this app and not yet editor-approved.,approved,draft
dictate,dictate,,verb,,,"determine, control",also say aloud to be written down,"In the passage, things start to dictate: they determine, control.","In the passage, things start to _____: they determine, control.",,,,,,,,,,,letter-d | correct-answer | multi-sense,2,Definitions from SAT Reading and Writing Vocabulary. Example sentence drafted for this app and not yet editor-approved.,approved,draft
diffuse,diffuse,,verb,,,spread out,not concentrated,To diffuse is to spread out.,To _____ is to spread out.,,,,,,,,The source also lists adjective sense.,,,letter-d | passage-or-stem | multi-sense,2,Definitions from SAT Reading and Writing Vocabulary. Example sentence drafted for this app and not yet editor-approved.,approved,draft
diminish,diminish,,verb,,,"reduce, lessen",,"The writer uses diminish for a change that will reduce, lessen.","The writer uses _____ for a change that will reduce, lessen.",,,,,,,,,,,letter-d | correct-answer,2,Definitions from SAT Reading and Writing Vocabulary. Example sentence drafted for this app and not yet editor-approved.,approved,draft
dire,dire,,adverb,,,extremely serious or urgent,,"The narrator says it happened dire, which means extremely serious or urgent.","The narrator says it happened _____, which means extremely serious or urgent.",,,,,,,,,,,letter-d | correct-answer,2,Definitions from SAT Reading and Writing Vocabulary. Example sentence drafted for this app and not yet editor-approved.,approved,draft
dirge,dirge,,adjective,,,mournful song for the dead,,"The text calls it dirge, meaning mournful song for the dead.","The text calls it _____, meaning mournful song for the dead.",,,,,,,,,,,letter-d | wrong-answer,2,Definitions from SAT Reading and Writing Vocabulary. Example sentence drafted for this app and not yet editor-approved.,approved,draft
disagreeable,disagreeable,,adjective,,,unpleasant,bad-tempered,A disagreeable case is one that is unpleasant.,A _____ case is one that is unpleasant.,,,,,,,,,,,letter-d | wrong-answer | multi-sense,4,Definitions from SAT Reading and Writing Vocabulary. Example sentence drafted for this app and not yet editor-approved.,approved,draft
discern,discern,discernible,verb,,,detect or recognize,able to be seen or detected,To discern is to detect or recognize.,To _____ is to detect or recognize.,,,,,discernible,,,The source also lists adjective sense.,,,letter-d | correct-answer | multi-sense,2,Definitions from SAT Reading and Writing Vocabulary. Example sentence drafted for this app and not yet editor-approved.,approved,draft
disconcerting,disconcerting,,adjective,,,"unsettling, disturbing",,"If something is disconcerting, it is unsettling, disturbing.","If something is _____, it is unsettling, disturbing.",,,,,,,,,,,letter-d | wrong-answer,4,Definitions from SAT Reading and Writing Vocabulary. Example sentence drafted for this app and not yet editor-approved.,approved,draft
discourse,discourse,,adjective,,,serious discussion,spoken or written communication,"If something is discourse, it is serious discussion.","If something is _____, it is serious discussion.",,,,,,,,,,,letter-d | wrong-answer | multi-sense,3,Definitions from SAT Reading and Writing Vocabulary. Example sentence drafted for this app and not yet editor-approved.,approved,draft
discreet,discreet,,adjective,,,careful not to attract attention,"quiet, unobtrusive","The text calls it discreet, meaning careful not to attract attention.","The text calls it _____, meaning careful not to attract attention.",,,,,,,,,,,letter-d | wrong-answer | multi-sense,2,Definitions from SAT Reading and Writing Vocabulary. Example sentence drafted for this app and not yet editor-approved.,approved,draft
discrepancy,discrepancy,discrepant,noun,,,difference between things that should match,,"The passage refers to a discrepancy, difference between things that should match.","The passage refers to a _____, difference between things that should match.",,,,,discrepant,,,,,,letter-d | wrong-answer,3,Definitions from SAT Reading and Writing Vocabulary. Example sentence drafted for this app and not yet editor-approved.,approved,draft
discretion,discretion,,noun,,,freedom to decide,careful judgment,"The passage refers to a discretion, freedom to decide.","The passage refers to a _____, freedom to decide.",,,,,,,,,,,letter-d | wrong-answer | multi-sense,3,Definitions from SAT Reading and Writing Vocabulary. Example sentence drafted for this app and not yet editor-approved.,approved,draft
disdain,disdain,,verb,,,"scorn, contempt",,"In the passage, things start to disdain: they scorn, contempt.","In the passage, things start to _____: they scorn, contempt.",,,,,,,,,,,letter-d | passage-or-stem,2,Definitions from SAT Reading and Writing Vocabulary. Example sentence drafted for this app and not yet editor-approved.,approved,draft
disenfranchised,disenfranchised,,adjective,,,"deprived of rights, especially the vote",,"If something is disenfranchised, it is deprived of rights, especially the vote.","If something is _____, it is deprived of rights, especially the vote.",,,,,,,,,,,letter-d | wrong-answer,4,Definitions from SAT Reading and Writing Vocabulary. Example sentence drafted for this app and not yet editor-approved.,approved,draft
disheveled,disheveled,,adjective,,,"messy, untidy",,"A disheveled case is one that is messy, untidy.","A _____ case is one that is messy, untidy.",,,,,,,,,,,letter-d | wrong-answer,3,Definitions from SAT Reading and Writing Vocabulary. Example sentence drafted for this app and not yet editor-approved.,approved,draft
disillusionment,disillusionment,,noun,,,disappointment on finding something is not as good as believed,,"The passage refers to a disillusionment, disappointment on finding something is not as good as believed.","The passage refers to a _____, disappointment on finding something is not as good as believed.",,,,,,,,,,,letter-d | wrong-answer,4,Definitions from SAT Reading and Writing Vocabulary. Example sentence drafted for this app and not yet editor-approved.,approved,draft
disingenuous,disingenuous,disingenuously,adjective,,,"insincere, falsely innocent",,"The text calls it disingenuous, meaning insincere, falsely innocent.","The text calls it _____, meaning insincere, falsely innocent.",,,,,disingenuously,,,,,,letter-d | wrong-answer,4,Definitions from SAT Reading and Writing Vocabulary. Example sentence drafted for this app and not yet editor-approved.,approved,draft
disinterest,disinterest,,verb,,,lack of interest,also impartiality,To disinterest is to lack of interest.,To _____ is to lack of interest.,,,,,,,,,,,letter-d | correct-answer | multi-sense,3,Definitions from SAT Reading and Writing Vocabulary. Example sentence drafted for this app and not yet editor-approved.,approved,draft
disorienting,disorienting,,adjective,,,confusing,making one lose one's sense of direction,"The text calls it disorienting, meaning confusing.","The text calls it _____, meaning confusing.",,,,,,,,,,,letter-d | wrong-answer | multi-sense,4,Definitions from SAT Reading and Writing Vocabulary. Example sentence drafted for this app and not yet editor-approved.,approved,draft
disparage,disparage,,verb,,,"speak of as unimportant, belittle",,"To disparage is to speak of as unimportant, belittle.","To _____ is to speak of as unimportant, belittle.",,,,,,,,,,,letter-d | wrong-answer,3,Definitions from SAT Reading and Writing Vocabulary. Example sentence drafted for this app and not yet editor-approved.,approved,draft
disparate,disparate,,adjective,,,"very different, unrelated",,"A disparate case is one that is very different, unrelated.","A _____ case is one that is very different, unrelated.",,,,,,,,,,,letter-d | correct-answer,3,Definitions from SAT Reading and Writing Vocabulary. Example sentence drafted for this app and not yet editor-approved.,approved,draft
disparity,disparity,,adjective,,,"great difference, inequality",,"The text calls it disparity, meaning great difference, inequality.","The text calls it _____, meaning great difference, inequality.",,,,,,,,,,,letter-d | correct-answer,3,Definitions from SAT Reading and Writing Vocabulary. Example sentence drafted for this app and not yet editor-approved.,approved,draft
dispassionate,dispassionate,dispassionately,verb,,,"calm and impartial, without emotion",,"In the passage, things start to dispassionate: they calm and impartial, without emotion.","In the passage, things start to _____: they calm and impartial, without emotion.",,,,,dispassionately,,,,,,letter-d | wrong-answer,4,Definitions from SAT Reading and Writing Vocabulary. Example sentence drafted for this app and not yet editor-approved.,approved,draft
disperse,disperse,dispersal,verb,,,"scatter, spread widely",,"In the passage, things start to disperse: they scatter, spread widely.","In the passage, things start to _____: they scatter, spread widely.",,,,,dispersal,,,,,,letter-d | wrong-answer,2,Definitions from SAT Reading and Writing Vocabulary. Example sentence drafted for this app and not yet editor-approved.,approved,draft
disposition,disposition,,adjective,,,natural temperament,tendency,"If something is disposition, it is natural temperament.","If something is _____, it is natural temperament.",,,,,,,,,,,letter-d | wrong-answer | multi-sense,3,Definitions from SAT Reading and Writing Vocabulary. Example sentence drafted for this app and not yet editor-approved.,approved,draft
disseminate,disseminate,dissemination,verb,,,spread widely (information),,To disseminate is to spread widely.,To _____ is to spread widely.,,,,,dissemination,,,,,,letter-d | wrong-answer,3,Definitions from SAT Reading and Writing Vocabulary. Example sentence drafted for this app and not yet editor-approved.,approved,draft
dissenter,dissenter,,noun,,,person who disagrees with official views,,What matters in the sentence is a dissenter: person who disagrees with official views.,What matters in the sentence is a _____: person who disagrees with official views.,,,,,,,,,,,letter-d | passage-or-stem,3,Definitions from SAT Reading and Writing Vocabulary. Example sentence drafted for this app and not yet editor-approved.,approved,draft
dissipate,dissipate,,verb,,,"disappear, scatter",waste,"The writer uses dissipate for a change that will disappear, scatter.","The writer uses _____ for a change that will disappear, scatter.",,,,,,,,,,,letter-d | passage-or-stem | multi-sense,3,Definitions from SAT Reading and Writing Vocabulary. Example sentence drafted for this app and not yet editor-approved.,approved,draft
dissonance,dissonance,,verb,,,"clash, lack of harmony",cognitive dissonance: discomfort from holding conflicting beliefs,"To dissonance is to clash, lack of harmony.","To _____ is to clash, lack of harmony.",,,,,,,,,,,letter-d | passage-or-stem | multi-sense,3,Definitions from SAT Reading and Writing Vocabulary. Example sentence drafted for this app and not yet editor-approved.,approved,draft
ditty,ditty,,adjective,,,"short, simple song",,"A ditty case is one that is short, simple song.","A _____ case is one that is short, simple song.",,,,,,,,,,,letter-d | wrong-answer,2,Definitions from SAT Reading and Writing Vocabulary. Example sentence drafted for this app and not yet editor-approved.,approved,draft
diverge,diverge,divergence | divergent,verb,,,move apart,differ,The writer uses diverge for a change that will move apart.,The writer uses _____ for a change that will move apart.,,,,,divergence | divergent,,,,,,letter-d | wrong-answer | multi-sense,2,Definitions from SAT Reading and Writing Vocabulary. Example sentence drafted for this app and not yet editor-approved.,approved,draft
divisive,divisive,,verb,,,causing disagreement or hostility,,The writer uses divisive for a change that will causing disagreement or hostility.,The writer uses _____ for a change that will causing disagreement or hostility.,,,,,,,,,,,letter-d | passage-or-stem,2,Definitions from SAT Reading and Writing Vocabulary. Example sentence drafted for this app and not yet editor-approved.,approved,draft
divulge,divulge,,verb,,,reveal (a secret),,The writer uses divulge for a change that will reveal.,The writer uses _____ for a change that will reveal.,,,,,,,,,,,letter-d | correct-answer,2,Definitions from SAT Reading and Writing Vocabulary. Example sentence drafted for this app and not yet editor-approved.,approved,draft
dogmatic,dogmatic,,adverb,,,rigidly sure of one's beliefs,,"The narrator says it happened dogmatic, which means rigidly sure of one's beliefs.","The narrator says it happened _____, which means rigidly sure of one's beliefs.",,,,,,,,,,,letter-d | correct-answer,2,Definitions from SAT Reading and Writing Vocabulary. Example sentence drafted for this app and not yet editor-approved.,approved,draft
dormant,dormant,,adjective,,,"inactive, as if asleep",,"If something is dormant, it is inactive, as if asleep.","If something is _____, it is inactive, as if asleep.",,,,,,,,,,,letter-d | correct-answer,2,Definitions from SAT Reading and Writing Vocabulary. Example sentence drafted for this app and not yet editor-approved.,approved,draft
drab,drab,,adjective,,,"dull, colorless",,"A drab case is one that is dull, colorless.","A _____ case is one that is dull, colorless.",,,,,,,,,,,letter-d | passage-or-stem,2,Definitions from SAT Reading and Writing Vocabulary. Example sentence drafted for this app and not yet editor-approved.,approved,draft
drudgery,drudgery,,adjective,,,"hard, boring work",,"The text calls it drudgery, meaning hard, boring work.","The text calls it _____, meaning hard, boring work.",,,,,,,,,,,letter-d | passage-or-stem,2,Definitions from SAT Reading and Writing Vocabulary. Example sentence drafted for this app and not yet editor-approved.,approved,draft
dulcet,dulcet,,adjective,,,sweet and soothing (of sound),,A dulcet case is one that is sweet and soothing.,A _____ case is one that is sweet and soothing.,,,,,,,,,,,letter-d | wrong-answer,2,Definitions from SAT Reading and Writing Vocabulary. Example sentence drafted for this app and not yet editor-approved.,approved,draft
duly,duly,,adverb,,,"properly, as expected",,"The narrator says it happened duly, which means properly, as expected.","The narrator says it happened _____, which means properly, as expected.",,,,,,,,,,,letter-d | passage-or-stem,2,Definitions from SAT Reading and Writing Vocabulary. Example sentence drafted for this app and not yet editor-approved.,approved,draft
dupe,dupe,,verb,,,"trick, fool",a person easily fooled,"To dupe is to trick, fool.","To _____ is to trick, fool.",,,,,,,,The source also lists noun sense.,,,letter-d | passage-or-stem | multi-sense,2,Definitions from SAT Reading and Writing Vocabulary. Example sentence drafted for this app and not yet editor-approved.,approved,draft
dwindle,dwindle,dwindling,adverb,,,gradually decrease,,"The narrator says it happened dwindle, which means gradually decrease.","The narrator says it happened _____, which means gradually decrease.",,,,,dwindling,,,,,,letter-d | wrong-answer,2,Definitions from SAT Reading and Writing Vocabulary. Example sentence drafted for this app and not yet editor-approved.,approved,draft
dynamism,dynamism,,noun,,,energy and forcefulness,,"Readers meet a dynamism, meaning energy and forcefulness.","Readers meet a _____, meaning energy and forcefulness.",,,,,,,,,,,letter-d | wrong-answer,2,Definitions from SAT Reading and Writing Vocabulary. Example sentence drafted for this app and not yet editor-approved.,approved,draft
dystopian,dystopian,,verb,,,relating to an imagined society that is as bad as possible,,The writer uses dystopian for a change that will relating to an imagined society that is as bad as possible.,The writer uses _____ for a change that will relating to an imagined society that is as bad as possible.,,,,,,,,,,,letter-d | passage-or-stem,3,Definitions from SAT Reading and Writing Vocabulary. Example sentence drafted for this app and not yet editor-approved.,approved,draft
earnest,earnest,earnestness | earnestly,adjective,,,sincere and serious,,"The text calls it earnest, meaning sincere and serious.","The text calls it _____, meaning sincere and serious.",,,,,earnestness | earnestly,,,,,,letter-e | wrong-answer,2,Definitions from SAT Reading and Writing Vocabulary. Example sentence drafted for this app and not yet editor-approved.,approved,draft
eccentric,eccentric,,adjective,,,"unconventional, odd",(of an orbit) far from circular,"The text calls it eccentric, meaning unconventional, odd.","The text calls it _____, meaning unconventional, odd.",,,,,,,,,,,letter-e | passage-or-stem | multi-sense,3,Definitions from SAT Reading and Writing Vocabulary. Example sentence drafted for this app and not yet editor-approved.,approved,draft
eclipse,eclipse,,verb,,,"overshadow, surpass",,"The writer uses eclipse for a change that will overshadow, surpass.","The writer uses _____ for a change that will overshadow, surpass.",,,,,,,,,,,letter-e | wrong-answer,2,Definitions from SAT Reading and Writing Vocabulary. Example sentence drafted for this app and not yet editor-approved.,approved,draft
edifice,edifice,,adjective,,,"large, imposing building",a complex system of ideas,"The text calls it edifice, meaning large, imposing building.","The text calls it _____, meaning large, imposing building.",,,,,,,,,,,letter-e | passage-or-stem | multi-sense,2,Definitions from SAT Reading and Writing Vocabulary. Example sentence drafted for this app and not yet editor-approved.,approved,draft
efface,efface,effacement,verb,,,wipe out,self-effacement: modesty,To efface is to wipe out.,To _____ is to wipe out.,,,,,effacement,,,,,,letter-e | passage-or-stem | multi-sense,2,Definitions from SAT Reading and Writing Vocabulary. Example sentence drafted for this app and not yet editor-approved.,approved,draft
effectual,effectual,ineffectual,adjective,,,effective / not effective,,"The text calls it effectual, meaning effective / not effective.","The text calls it _____, meaning effective / not effective.",,,,,ineffectual,,,,,,letter-e | wrong-answer,3,Definitions from SAT Reading and Writing Vocabulary. Example sentence drafted for this app and not yet editor-approved.,approved,draft
efficacy,efficacy,,noun,,,effectiveness,,"The passage refers to an efficacy, effectiveness.","The passage refers to an _____, effectiveness.",,,,,,,,,,,letter-e | wrong-answer,2,Definitions from SAT Reading and Writing Vocabulary. Example sentence drafted for this app and not yet editor-approved.,approved,draft
egalitarian,egalitarian,,verb,,,believing all people are equal,,"In the passage, things start to egalitarian: they believing all people are equal.","In the passage, things start to _____: they believing all people are equal.",,,,,,,,,,,letter-e | passage-or-stem,3,Definitions from SAT Reading and Writing Vocabulary. Example sentence drafted for this app and not yet editor-approved.,approved,draft
elasticity,elasticity,,noun,,,"flexibility, adaptability",,"Readers meet an elasticity, meaning flexibility, adaptability.","Readers meet an _____, meaning flexibility, adaptability.",,,,,,,,,,,letter-e | correct-answer,3,Definitions from SAT Reading and Writing Vocabulary. Example sentence drafted for this app and not yet editor-approved.,approved,draft
elicit,elicit,,verb,,,draw out (a response or reaction),,The writer uses elicit for a change that will draw out.,The writer uses _____ for a change that will draw out.,,,,,,,,,,,letter-e | wrong-answer,2,Definitions from SAT Reading and Writing Vocabulary. Example sentence drafted for this app and not yet editor-approved.,approved,draft
eloquent,eloquent,eloquently,adjective,,,fluent and persuasive in speech or writing,,"The text calls it eloquent, meaning fluent and persuasive in speech or writing.","The text calls it _____, meaning fluent and persuasive in speech or writing.",,,,,eloquently,,,,,,letter-e | wrong-answer,2,Definitions from SAT Reading and Writing Vocabulary. Example sentence drafted for this app and not yet editor-approved.,approved,draft
elude,elude,eluded,verb,,,escape from,be hard to grasp,The solution eluded her until she reread the last paragraph. | The fox eluded the hounds by doubling back through the creek.,The solution _____ her until she reread the last paragraph. | The fox _____ the hounds by doubling back through the creek.,escape | evade,dodge,face | capture,elude capture | the name eludes me,eluded | elusive,"Latin eludere, to finish playing or evade.",formal,"Elude can mean physically escape, or stay just out of understanding or memory. Allude always means hint.",elude (escape) versus allude (hint),"If it eludes you, it got away. If you allude to it, you hinted at it.",letter-e | passage-or-stem | multi-sense,3,Definitions from SAT Reading and Writing Vocabulary. Examples and notes written for this app.,approved,approved
elusive,elusive,,adjective,,,"hard to find, catch, or understand",,"A elusive case is one that is hard to find, catch, or understand.","A _____ case is one that is hard to find, catch, or understand.",,,,,,,,,,,letter-e | wrong-answer,2,Definitions from SAT Reading and Writing Vocabulary. Example sentence drafted for this app and not yet editor-approved.,approved,draft
emanate,emanate,,verb,,,come out from a source,,The writer uses emanate for a change that will come out from a source.,The writer uses _____ for a change that will come out from a source.,,,,,,,,,,,letter-e | passage-or-stem,2,Definitions from SAT Reading and Writing Vocabulary. Example sentence drafted for this app and not yet editor-approved.,approved,draft
emblematize,emblematize,emblematizes,verb,,,"be a symbol of, represent",,"The writer uses emblematize for a change that will be a symbol of, represent.","The writer uses _____ for a change that will be a symbol of, represent.",,,,,emblematizes,,,,,,letter-e | wrong-answer,3,Definitions from SAT Reading and Writing Vocabulary. Example sentence drafted for this app and not yet editor-approved.,approved,draft
embody,embody,,verb,,,give form to,represent,The writer uses embody for a change that will give form to.,The writer uses _____ for a change that will give form to.,,,,,,,,,,,letter-e | passage-or-stem | multi-sense,2,Definitions from SAT Reading and Writing Vocabulary. Example sentence drafted for this app and not yet editor-approved.,approved,draft
embryonic,embryonic,,verb,,,relating to an embryo,in an early stage of development,The writer uses embryonic for a change that will relating to an embryo.,The writer uses _____ for a change that will relating to an embryo.,,,,,,,,,,,letter-e | passage-or-stem | multi-sense,3,Definitions from SAT Reading and Writing Vocabulary. Example sentence drafted for this app and not yet editor-approved.,approved,draft
empirical,empirical,empirically,adjective,,,based on observation or experiment,,"If something is empirical, it is based on observation or experiment.","If something is _____, it is based on observation or experiment.",,,,,empirically,,,,,,letter-e | wrong-answer,3,Definitions from SAT Reading and Writing Vocabulary. Example sentence drafted for this app and not yet editor-approved.,approved,draft
enact,enact,,verb,,,make into law,act out,"In the passage, things start to enact: they make into law.","In the passage, things start to _____: they make into law.",,,,,,,,,,,letter-e | wrong-answer | multi-sense,2,Definitions from SAT Reading and Writing Vocabulary. Example sentence drafted for this app and not yet editor-approved.,approved,draft
encapsulate,encapsulate,,verb,,,summarize briefly,enclose,To encapsulate is to summarize briefly.,To _____ is to summarize briefly.,,,,,,,,,,,letter-e | passage-or-stem | multi-sense,3,Definitions from SAT Reading and Writing Vocabulary. Example sentence drafted for this app and not yet editor-approved.,approved,draft
encompass,encompass,,verb,,,include,surround,To encompass is to include.,To _____ is to include.,,,,,,,,,,,letter-e | wrong-answer | multi-sense,3,Definitions from SAT Reading and Writing Vocabulary. Example sentence drafted for this app and not yet editor-approved.,approved,draft
endeavor,endeavor,,verb,,,"attempt, effort",,"The writer uses endeavor for a change that will attempt, effort.","The writer uses _____ for a change that will attempt, effort.",,,,,,,,,,,letter-e | passage-or-stem,2,Definitions from SAT Reading and Writing Vocabulary. Example sentence drafted for this app and not yet editor-approved.,approved,draft
endorse,endorse,,verb,,,approve or support publicly,,To endorse is to approve or support publicly.,To _____ is to approve or support publicly.,,,,,,,,,,,letter-e | wrong-answer,2,Definitions from SAT Reading and Writing Vocabulary. Example sentence drafted for this app and not yet editor-approved.,approved,draft
engender,engender,,verb,,,"cause, give rise to",,"The writer uses engender for a change that will cause, give rise to.","The writer uses _____ for a change that will cause, give rise to.",,,,,,,,,,,letter-e | correct-answer,2,Definitions from SAT Reading and Writing Vocabulary. Example sentence drafted for this app and not yet editor-approved.,approved,draft
engrossing,engrossing,,adjective,,,"absorbing, holding full attention",,"If something is engrossing, it is absorbing, holding full attention.","If something is _____, it is absorbing, holding full attention.",,,,,,,,,,,letter-e | passage-or-stem,3,Definitions from SAT Reading and Writing Vocabulary. Example sentence drafted for this app and not yet editor-approved.,approved,draft
engulf,engulf,,verb,,,"swallow up, surround completely",,"In the passage, things start to engulf: they swallow up, surround completely.","In the passage, things start to _____: they swallow up, surround completely.",,,,,,,,,,,letter-e | wrong-answer,2,Definitions from SAT Reading and Writing Vocabulary. Example sentence drafted for this app and not yet editor-approved.,approved,draft
enigma,enigma,,noun,,,"mystery, puzzle",,"The passage refers to an enigma, mystery, puzzle.","The passage refers to an _____, mystery, puzzle.",,,,,,,,,,,letter-e | passage-or-stem,2,Definitions from SAT Reading and Writing Vocabulary. Example sentence drafted for this app and not yet editor-approved.,approved,draft
enlightened,enlightened,,adjective,,,"well informed, rational, and tolerant",,"A enlightened case is one that is well informed, rational, and tolerant.","A _____ case is one that is well informed, rational, and tolerant.",,,,,,,,,,,letter-e | passage-or-stem,3,Definitions from SAT Reading and Writing Vocabulary. Example sentence drafted for this app and not yet editor-approved.,approved,draft
enliven,enliven,,verb,,,make more lively,,The writer uses enliven for a change that will make more lively.,The writer uses _____ for a change that will make more lively.,,,,,,,,,,,letter-e | passage-or-stem,2,Definitions from SAT Reading and Writing Vocabulary. Example sentence drafted for this app and not yet editor-approved.,approved,draft
enmity,enmity,,noun,,,"hostility, hatred",,"The passage refers to an enmity, hostility, hatred.","The passage refers to an _____, hostility, hatred.",,,,,,,,,,,letter-e | wrong-answer,2,Definitions from SAT Reading and Writing Vocabulary. Example sentence drafted for this app and not yet editor-approved.,approved,draft
entail,entail,,verb,,,involve as a necessary part or result,,The writer uses entail for a change that will involve as a necessary part or result.,The writer uses _____ for a change that will involve as a necessary part or result.,,,,,,,,,,,letter-e | correct-answer,2,Definitions from SAT Reading and Writing Vocabulary. Example sentence drafted for this app and not yet editor-approved.,approved,draft
entice,entice,,verb,,,"tempt, lure",,"In the passage, things start to entice: they tempt, lure.","In the passage, things start to _____: they tempt, lure.",,,,,,,,,,,letter-e | passage-or-stem,2,Definitions from SAT Reading and Writing Vocabulary. Example sentence drafted for this app and not yet editor-approved.,approved,draft
entrench,entrench,,verb,,,"establish firmly, often too firmly",,"The writer uses entrench for a change that will establish firmly, often too firmly.","The writer uses _____ for a change that will establish firmly, often too firmly.",,,,,,,,,,,letter-e | wrong-answer,2,Definitions from SAT Reading and Writing Vocabulary. Example sentence drafted for this app and not yet editor-approved.,approved,draft
enumerate,enumerate,,noun,,,list one by one,,What matters in the sentence is an enumerate: list one by one.,What matters in the sentence is an _____: list one by one.,,,,,,,,,,,letter-e | wrong-answer,3,Definitions from SAT Reading and Writing Vocabulary. Example sentence drafted for this app and not yet editor-approved.,approved,draft
eon,eon,,adverb,,,extremely long period of time,,"The narrator says it happened eon, which means extremely long period of time.","The narrator says it happened _____, which means extremely long period of time.",,,,,,,,,,,letter-e | wrong-answer,2,Definitions from SAT Reading and Writing Vocabulary. Example sentence drafted for this app and not yet editor-approved.,approved,draft
ephemeral,ephemeral,ephemera,adjective,,,short-lived,things meant to last only briefly,A ephemeral case is one that is short-lived.,A _____ case is one that is short-lived.,,,,,ephemera,,,The source also lists noun sense.,,,letter-e | correct-answer | multi-sense,3,Definitions from SAT Reading and Writing Vocabulary. Example sentence drafted for this app and not yet editor-approved.,approved,draft
episodic,episodic,,verb,,,made up of separate episodes,occasional,"In the passage, things start to episodic: they made up of separate episodes.","In the passage, things start to _____: they made up of separate episodes.",,,,,,,,,,,letter-e | passage-or-stem | multi-sense,2,Definitions from SAT Reading and Writing Vocabulary. Example sentence drafted for this app and not yet editor-approved.,approved,draft
epistolary,epistolary,,adjective,,,written in the form of letters,,"The text calls it epistolary, meaning written in the form of letters.","The text calls it _____, meaning written in the form of letters.",,,,,,,,,,,letter-e | passage-or-stem,3,Definitions from SAT Reading and Writing Vocabulary. Example sentence drafted for this app and not yet editor-approved.,approved,draft
epitomize,epitomize,,verb,,,be a perfect example of,,The writer uses epitomize for a change that will be a perfect example of.,The writer uses _____ for a change that will be a perfect example of.,,,,,,,,,,,letter-e | wrong-answer,3,Definitions from SAT Reading and Writing Vocabulary. Example sentence drafted for this app and not yet editor-approved.,approved,draft
epoch,epoch,,noun,,,"era, period of history",,"What matters in the sentence is an epoch: era, period of history.","What matters in the sentence is an _____: era, period of history.",,,,,,,,,,,letter-e | passage-or-stem,2,Definitions from SAT Reading and Writing Vocabulary. Example sentence drafted for this app and not yet editor-approved.,approved,draft
equanimity,equanimity,,verb,,,calm composure,,To equanimity is to calm composure.,To _____ is to calm composure.,,,,,,,,,,,letter-e | passage-or-stem,3,Definitions from SAT Reading and Writing Vocabulary. Example sentence drafted for this app and not yet editor-approved.,approved,draft
equitable,equitable,,adjective,,,fair and just,,"If something is equitable, it is fair and just.","If something is _____, it is fair and just.",,,,,,,,,,,letter-e | correct-answer,3,Definitions from SAT Reading and Writing Vocabulary. Example sentence drafted for this app and not yet editor-approved.,approved,draft
eradicate,eradicate,eradication,verb,,,eliminate completely,,The writer uses eradicate for a change that will eliminate completely.,The writer uses _____ for a change that will eliminate completely.,,,,,eradication,,,,,,letter-e | wrong-answer,3,Definitions from SAT Reading and Writing Vocabulary. Example sentence drafted for this app and not yet editor-approved.,approved,draft
erratic,erratic,erratically,adjective,,,"unpredictable, irregular",,"The text calls it erratic, meaning unpredictable, irregular.","The text calls it _____, meaning unpredictable, irregular.",,,,,erratically,,,,,,letter-e | passage-or-stem,2,Definitions from SAT Reading and Writing Vocabulary. Example sentence drafted for this app and not yet editor-approved.,approved,draft
erroneous,erroneous,erroneously,adjective,,,"mistaken, wrong",,"A erroneous case is one that is mistaken, wrong.","A _____ case is one that is mistaken, wrong.",,,,,erroneously,,,,,,letter-e | wrong-answer,3,Definitions from SAT Reading and Writing Vocabulary. Example sentence drafted for this app and not yet editor-approved.,approved,draft
eschew,eschew,,verb,,,avoid deliberately,,The writer uses eschew for a change that will avoid deliberately.,The writer uses _____ for a change that will avoid deliberately.,,,,,,,,,,,letter-e | wrong-answer,2,Definitions from SAT Reading and Writing Vocabulary. Example sentence drafted for this app and not yet editor-approved.,approved,draft
espouse,espouse,espousing,verb,,,adopt or support (a cause or belief),,The writer uses espouse for a change that will adopt or support.,The writer uses _____ for a change that will adopt or support.,,,,,espousing,,,,,,letter-e | passage-or-stem,2,Definitions from SAT Reading and Writing Vocabulary. Example sentence drafted for this app and not yet editor-approved.,approved,draft
esteem,esteem,esteemed,noun,,,"respect, high regard",,"The passage refers to an esteem, respect, high regard.","The passage refers to an _____, respect, high regard.",,,,,esteemed,,,,,,letter-e | correct-answer,2,Definitions from SAT Reading and Writing Vocabulary. Example sentence drafted for this app and not yet editor-approved.,approved,draft
ethereal,ethereal,,adjective,,,delicate and light,heavenly,"If something is ethereal, it is delicate and light.","If something is _____, it is delicate and light.",,,,,,,,,,,letter-e | passage-or-stem | multi-sense,2,Definitions from SAT Reading and Writing Vocabulary. Example sentence drafted for this app and not yet editor-approved.,approved,draft
evasion,evasion,evasive,noun,,,avoidance,avoiding direct answers,"The passage refers to an evasion, avoidance.","The passage refers to an _____, avoidance.",,,,,evasive,,,The source also lists adjective sense.,,,letter-e | wrong-answer | multi-sense,2,Definitions from SAT Reading and Writing Vocabulary. Example sentence drafted for this app and not yet editor-approved.,approved,draft
evince,evince,,verb,,,"show clearly, reveal",,"To evince is to show clearly, reveal.","To _____ is to show clearly, reveal.",,,,,,,,,,,letter-e | passage-or-stem,2,Definitions from SAT Reading and Writing Vocabulary. Example sentence drafted for this app and not yet editor-approved.,approved,draft
evoke,evoke,evocative,verb,,,call up (a feeling or memory),bringing strong images to mind,The writer uses evoke for a change that will call up.,The writer uses _____ for a change that will call up.,,,,,evocative,,,The source also lists adjective sense.,,,letter-e | correct-answer | multi-sense,2,Definitions from SAT Reading and Writing Vocabulary. Example sentence drafted for this app and not yet editor-approved.,approved,draft
exacerbate,exacerbate,,verb,,,make worse,,"In the passage, things start to exacerbate: they make worse.","In the passage, things start to _____: they make worse.",,,,,,,,,,,letter-e | passage-or-stem,3,Definitions from SAT Reading and Writing Vocabulary. Example sentence drafted for this app and not yet editor-approved.,approved,draft
exactitude,exactitude,,noun,,,precision,,"The passage refers to an exactitude, precision.","The passage refers to an _____, precision.",,,,,,,,,,,letter-e | correct-answer,3,Definitions from SAT Reading and Writing Vocabulary. Example sentence drafted for this app and not yet editor-approved.,approved,draft
exalt,exalt,exalts,verb,,,praise highly,raise in rank,"In the passage, things start to exalt: they praise highly.","In the passage, things start to _____: they praise highly.",,,,,exalts,,,,,,letter-e | wrong-answer | multi-sense,2,Definitions from SAT Reading and Writing Vocabulary. Example sentence drafted for this app and not yet editor-approved.,approved,draft
exemplar,exemplar,,adjective,,,"ideal example, model",,"A exemplar case is one that is ideal example, model.","A _____ case is one that is ideal example, model.",,,,,,,,,,,letter-e | wrong-answer,2,Definitions from SAT Reading and Writing Vocabulary. Example sentence drafted for this app and not yet editor-approved.,approved,draft
exemplary,exemplary,,verb,,,serving as a good example,,To exemplary is to serving as a good example.,To _____ is to serving as a good example.,,,,,,,,,,,letter-e | wrong-answer,3,Definitions from SAT Reading and Writing Vocabulary. Example sentence drafted for this app and not yet editor-approved.,approved,draft
exemplify,exemplify,exemplification,verb,,,be a typical example of,,The writer uses exemplify for a change that will be a typical example of.,The writer uses _____ for a change that will be a typical example of.,,,,,exemplification,,,,,,letter-e | correct-answer,3,Definitions from SAT Reading and Writing Vocabulary. Example sentence drafted for this app and not yet editor-approved.,approved,draft
exhaustive,exhaustive,,adjective,,,"thorough, covering everything",,"The text calls it exhaustive, meaning thorough, covering everything.","The text calls it _____, meaning thorough, covering everything.",,,,,,,,,,,letter-e | correct-answer,3,Definitions from SAT Reading and Writing Vocabulary. Example sentence drafted for this app and not yet editor-approved.,approved,draft
exhilarating,exhilarating,,adjective,,,thrilling,,A exhilarating case is one that is thrilling.,A _____ case is one that is thrilling.,,,,,,,,,,,letter-e | correct-answer,4,Definitions from SAT Reading and Writing Vocabulary. Example sentence drafted for this app and not yet editor-approved.,approved,draft
exhort,exhort,exhorting,verb,,,urge strongly,,"In the passage, things start to exhort: they urge strongly.","In the passage, things start to _____: they urge strongly.",,,,,exhorting,,,,,,letter-e | passage-or-stem,2,Definitions from SAT Reading and Writing Vocabulary. Example sentence drafted for this app and not yet editor-approved.,approved,draft
expansive,expansive,,adjective,,,"broad in scope, covering a wide area",open and friendly,"If something is expansive, it is broad in scope, covering a wide area.","If something is _____, it is broad in scope, covering a wide area.",,,,,,,,,,,letter-e | correct-answer | multi-sense,3,Definitions from SAT Reading and Writing Vocabulary. Example sentence drafted for this app and not yet editor-approved.,approved,draft
expediency,expediency,,noun,,,"convenience or practicality, often put ahead of principle",,"What matters in the sentence is an expediency: convenience or practicality, often put ahead of principle.","What matters in the sentence is an _____: convenience or practicality, often put ahead of principle.",,,,,,,,,,,letter-e | wrong-answer,3,Definitions from SAT Reading and Writing Vocabulary. Example sentence drafted for this app and not yet editor-approved.,approved,draft
expedite,expedite,,verb,,,speed up,,The writer uses expedite for a change that will speed up.,The writer uses _____ for a change that will speed up.,,,,,,,,,,,letter-e | passage-or-stem,2,Definitions from SAT Reading and Writing Vocabulary. Example sentence drafted for this app and not yet editor-approved.,approved,draft
expend,expend,,verb,,,"spend, use up",,"To expend is to spend, use up.","To _____ is to spend, use up.",,,,,,,,,,,letter-e | wrong-answer,2,Definitions from SAT Reading and Writing Vocabulary. Example sentence drafted for this app and not yet editor-approved.,approved,draft
explicable,explicable,inexplicable,adjective,,,able to be explained / impossible to explain,,"If something is explicable, it is able to be explained / impossible to explain.","If something is _____, it is able to be explained / impossible to explain.",,,,,inexplicable,,,,,,letter-e | wrong-answer,3,Definitions from SAT Reading and Writing Vocabulary. Example sentence drafted for this app and not yet editor-approved.,approved,draft
exquisite,exquisite,,adverb,,,extremely beautiful or delicate,,"The narrator says it happened exquisite, which means extremely beautiful or delicate.","The narrator says it happened _____, which means extremely beautiful or delicate.",,,,,,,,,,,letter-e | passage-or-stem,3,Definitions from SAT Reading and Writing Vocabulary. Example sentence drafted for this app and not yet editor-approved.,approved,draft
extol,extol,,verb,,,praise highly,,"In the passage, things start to extol: they praise highly.","In the passage, things start to _____: they praise highly.",,,,,,,,,,,letter-e | wrong-answer,2,Definitions from SAT Reading and Writing Vocabulary. Example sentence drafted for this app and not yet editor-approved.,approved,draft
extraneous,extraneous,,adjective,,,"irrelevant, unrelated",,"A extraneous case is one that is irrelevant, unrelated.","A _____ case is one that is irrelevant, unrelated.",,,,,,,,,,,letter-e | wrong-answer,3,Definitions from SAT Reading and Writing Vocabulary. Example sentence drafted for this app and not yet editor-approved.,approved,draft
extrapolate,extrapolate,,verb,,,estimate beyond known data by extending a trend,,To extrapolate is to estimate beyond known data by extending a trend.,To _____ is to estimate beyond known data by extending a trend.,,,,,,,,,,,letter-e | correct-answer,3,Definitions from SAT Reading and Writing Vocabulary. Example sentence drafted for this app and not yet editor-approved.,approved,draft
extricate,extricate,,adjective,,,free from a difficulty,,"The text calls it extricate, meaning free from a difficulty.","The text calls it _____, meaning free from a difficulty.",,,,,,,,,,,letter-e | wrong-answer,3,Definitions from SAT Reading and Writing Vocabulary. Example sentence drafted for this app and not yet editor-approved.,approved,draft
exuberant,exuberant,,adjective,,,full of energy and joy,,"The text calls it exuberant, meaning full of energy and joy.","The text calls it _____, meaning full of energy and joy.",,,,,,,,,,,letter-e | passage-or-stem,3,Definitions from SAT Reading and Writing Vocabulary. Example sentence drafted for this app and not yet editor-approved.,approved,draft
exult,exult,exulted,verb,,,"rejoice, feel triumphant",,"To exult is to rejoice, feel triumphant.","To _____ is to rejoice, feel triumphant.",,,,,exulted,,,,,,letter-e | passage-or-stem,2,Definitions from SAT Reading and Writing Vocabulary. Example sentence drafted for this app and not yet editor-approved.,approved,draft
fabricate,fabricate,,verb,,,make up (a false story),manufacture,To fabricate is to make up.,To _____ is to make up.,,,,,,,,,,,letter-f | wrong-answer | multi-sense,3,Definitions from SAT Reading and Writing Vocabulary. Example sentence drafted for this app and not yet editor-approved.,approved,draft
facet,facet,,noun,,,"aspect, side",,"Readers meet a facet, meaning aspect, side.","Readers meet a _____, meaning aspect, side.",,,,,,,,,,,letter-f | passage-or-stem,2,Definitions from SAT Reading and Writing Vocabulary. Example sentence drafted for this app and not yet editor-approved.,approved,draft
facile,facile,,adjective,,,"too simple, superficial",effortless,"A facile case is one that is too simple, superficial.","A _____ case is one that is too simple, superficial.",,,,,,,,,,,letter-f | wrong-answer | multi-sense,2,Definitions from SAT Reading and Writing Vocabulary. Example sentence drafted for this app and not yet editor-approved.,approved,draft
facilitate,facilitate,,verb,,,make easier,,"In the passage, things start to facilitate: they make easier.","In the passage, things start to _____: they make easier.",,,,,,,,,,,letter-f | correct-answer,3,Definitions from SAT Reading and Writing Vocabulary. Example sentence drafted for this app and not yet editor-approved.,approved,draft
fanciful,fanciful,,adjective,,,"imaginative, unrealistic",,"A fanciful case is one that is imaginative, unrealistic.","A _____ case is one that is imaginative, unrealistic.",,,,,,,,,,,letter-f | wrong-answer,2,Definitions from SAT Reading and Writing Vocabulary. Example sentence drafted for this app and not yet editor-approved.,approved,draft
fathom,fathom,,verb,,,understand (something difficult),,To fathom is to understand.,To _____ is to understand.,,,,,,,,,,,letter-f | wrong-answer,2,Definitions from SAT Reading and Writing Vocabulary. Example sentence drafted for this app and not yet editor-approved.,approved,draft
feasible,feasible,,adjective,,,"possible, workable",,"If something is feasible, it is possible, workable.","If something is _____, it is possible, workable.",,,,,,,,,,,letter-f | wrong-answer,2,Definitions from SAT Reading and Writing Vocabulary. Example sentence drafted for this app and not yet editor-approved.,approved,draft
fecundity,fecundity,,noun,,,"fertility, productiveness",,"Readers meet a fecundity, meaning fertility, productiveness.","Readers meet a _____, meaning fertility, productiveness.",,,,,,,,,,,letter-f | wrong-answer,3,Definitions from SAT Reading and Writing Vocabulary. Example sentence drafted for this app and not yet editor-approved.,approved,draft
fervent,fervent,,adjective,,,"passionate, intense",,"The text calls it fervent, meaning passionate, intense.","The text calls it _____, meaning passionate, intense.",,,,,,,,,,,letter-f | passage-or-stem,2,Definitions from SAT Reading and Writing Vocabulary. Example sentence drafted for this app and not yet editor-approved.,approved,draft
feudal,feudal,,verb,,,relating to the medieval system of lords and vassals,,To feudal is to relating to the medieval system of lords and vassals.,To _____ is to relating to the medieval system of lords and vassals.,,,,,,,,,,,letter-f | passage-or-stem,2,Definitions from SAT Reading and Writing Vocabulary. Example sentence drafted for this app and not yet editor-approved.,approved,draft
fictive,fictive,,adjective,,,"imaginary, invented",,"If something is fictive, it is imaginary, invented.","If something is _____, it is imaginary, invented.",,,,,,,,,,,letter-f | passage-or-stem,2,Definitions from SAT Reading and Writing Vocabulary. Example sentence drafted for this app and not yet editor-approved.,approved,draft
fledgling,fledgling,,adjective,,,new and inexperienced,,"The text calls it fledgling, meaning new and inexperienced.","The text calls it _____, meaning new and inexperienced.",,,,,,,,,,,letter-f | passage-or-stem,3,Definitions from SAT Reading and Writing Vocabulary. Example sentence drafted for this app and not yet editor-approved.,approved,draft
flora,flora,fauna,noun,,,the plants / the animals of a region,,"The passage refers to a flora, the plants / the animals of a region.","The passage refers to a _____, the plants / the animals of a region.",,,,,fauna,,,,,,letter-f | correct-answer,2,Definitions from SAT Reading and Writing Vocabulary. Example sentence drafted for this app and not yet editor-approved.,approved,draft
fluctuate,fluctuate,fluctuations,verb,,,rise and fall irregularly,,The writer uses fluctuate for a change that will rise and fall irregularly.,The writer uses _____ for a change that will rise and fall irregularly.,,,,,fluctuations,,,,,,letter-f | correct-answer,3,Definitions from SAT Reading and Writing Vocabulary. Example sentence drafted for this app and not yet editor-approved.,approved,draft
fodder,fodder,,noun,,,food for livestock,raw material for something,"Readers meet a fodder, meaning food for livestock.","Readers meet a _____, meaning food for livestock.",,,,,,,,,,,letter-f | passage-or-stem | multi-sense,2,Definitions from SAT Reading and Writing Vocabulary. Example sentence drafted for this app and not yet editor-approved.,approved,draft
folly,folly,,noun,,,foolishness,,"Readers meet a folly, meaning foolishness.","Readers meet a _____, meaning foolishness.",,,,,,,,,,,letter-f | correct-answer,2,Definitions from SAT Reading and Writing Vocabulary. Example sentence drafted for this app and not yet editor-approved.,approved,draft
forage,forage,,verb,,,search for food,,The writer uses forage for a change that will search for food.,The writer uses _____ for a change that will search for food.,,,,,,,,,,,letter-f | correct-answer,2,Definitions from SAT Reading and Writing Vocabulary. Example sentence drafted for this app and not yet editor-approved.,approved,draft
foregone,foregone,,adjective,,,foregone conclusion: an outcome certain in advance,,"If something is foregone, it is foregone conclusion: an outcome certain in advance.","If something is _____, it is foregone conclusion: an outcome certain in advance.",,,,,,,,,,,letter-f | passage-or-stem,2,Definitions from SAT Reading and Writing Vocabulary. Example sentence drafted for this app and not yet editor-approved.,approved,draft
foreground,foreground,,verb,,,"emphasize, put in front",,"In the passage, things start to foreground: they emphasize, put in front.","In the passage, things start to _____: they emphasize, put in front.",,,,,,,,,,,letter-f | wrong-answer,3,Definitions from SAT Reading and Writing Vocabulary. Example sentence drafted for this app and not yet editor-approved.,approved,draft
forerunner,forerunner,,noun,,,"predecessor, something that came before",,"Readers meet a forerunner, meaning predecessor, something that came before.","Readers meet a _____, meaning predecessor, something that came before.",,,,,,,,,,,letter-f | passage-or-stem,3,Definitions from SAT Reading and Writing Vocabulary. Example sentence drafted for this app and not yet editor-approved.,approved,draft
foretell,foretell,,verb,,,predict,,"In the passage, things start to foretell: they predict.","In the passage, things start to _____: they predict.",,,,,,,,,,,letter-f | wrong-answer,2,Definitions from SAT Reading and Writing Vocabulary. Example sentence drafted for this app and not yet editor-approved.,approved,draft
forfeiture,forfeiture,,noun,,,loss of something as a penalty,,"Readers meet a forfeiture, meaning loss of something as a penalty.","Readers meet a _____, meaning loss of something as a penalty.",,,,,,,,,,,letter-f | wrong-answer,3,Definitions from SAT Reading and Writing Vocabulary. Example sentence drafted for this app and not yet editor-approved.,approved,draft
forgo,forgo,,verb,,,"do without, give up",,"To forgo is to do without, give up.","To _____ is to do without, give up.",,,,,,,,,,,letter-f | wrong-answer,2,Definitions from SAT Reading and Writing Vocabulary. Example sentence drafted for this app and not yet editor-approved.,approved,draft
formulaic,formulaic,,adjective,,,following a set pattern,unoriginal,"The text calls it formulaic, meaning following a set pattern.","The text calls it _____, meaning following a set pattern.",,,,,,,,,,,letter-f | passage-or-stem | multi-sense,3,Definitions from SAT Reading and Writing Vocabulary. Example sentence drafted for this app and not yet editor-approved.,approved,draft
fortify,fortify,,verb,,,strengthen,,"In the passage, things start to fortify: they strengthen.","In the passage, things start to _____: they strengthen.",,,,,,,,,,,letter-f | correct-answer,2,Definitions from SAT Reading and Writing Vocabulary. Example sentence drafted for this app and not yet editor-approved.,approved,draft
foster,foster,,verb,,,encourage the growth of,,The writer uses foster for a change that will encourage the growth of.,The writer uses _____ for a change that will encourage the growth of.,,,,,,,,,,,letter-f | correct-answer,2,Definitions from SAT Reading and Writing Vocabulary. Example sentence drafted for this app and not yet editor-approved.,approved,draft
frigid,frigid,,adjective,,,very cold,unfriendly,"If something is frigid, it is very cold.","If something is _____, it is very cold.",,,,,,,,,,,letter-f | correct-answer | multi-sense,2,Definitions from SAT Reading and Writing Vocabulary. Example sentence drafted for this app and not yet editor-approved.,approved,draft
frisson,frisson,,adjective,,,sudden thrill of excitement,,"The text calls it frisson, meaning sudden thrill of excitement.","The text calls it _____, meaning sudden thrill of excitement.",,,,,,,,,,,letter-f | passage-or-stem,2,Definitions from SAT Reading and Writing Vocabulary. Example sentence drafted for this app and not yet editor-approved.,approved,draft
frivolous,frivolous,,adjective,,,"silly, not serious",,"If something is frivolous, it is silly, not serious.","If something is _____, it is silly, not serious.",,,,,,,,,,,letter-f | wrong-answer,3,Definitions from SAT Reading and Writing Vocabulary. Example sentence drafted for this app and not yet editor-approved.,approved,draft
fruitful,fruitful,fruitless,adjective,,,productive / unproductive,,"The text calls it fruitful, meaning productive / unproductive.","The text calls it _____, meaning productive / unproductive.",,,,,fruitless,,,,,,letter-f | correct-answer,2,Definitions from SAT Reading and Writing Vocabulary. Example sentence drafted for this app and not yet editor-approved.,approved,draft
fulcrum,fulcrum,,noun,,,point on which a lever pivots,a central supporting element,What matters in the sentence is a fulcrum: point on which a lever pivots.,What matters in the sentence is a _____: point on which a lever pivots.,,,,,,,,,,,letter-f | correct-answer | multi-sense,2,Definitions from SAT Reading and Writing Vocabulary. Example sentence drafted for this app and not yet editor-approved.,approved,draft
furl,furl,furled,verb,,,roll up (a flag or sail),,"In the passage, things start to furl: they roll up.","In the passage, things start to _____: they roll up.",,,,,furled,,,,,,letter-f | passage-or-stem,2,Definitions from SAT Reading and Writing Vocabulary. Example sentence drafted for this app and not yet editor-approved.,approved,draft
garb,garb,,noun,,,clothing,,"The passage refers to a garb, clothing.","The passage refers to a _____, clothing.",,,,,,,,,,,letter-g | passage-or-stem,2,Definitions from SAT Reading and Writing Vocabulary. Example sentence drafted for this app and not yet editor-approved.,approved,draft
garner,garner,,verb,,,"gather, collect",,"The writer uses garner for a change that will gather, collect.","The writer uses _____ for a change that will gather, collect.",,,,,,,,,,,letter-g | passage-or-stem,2,Definitions from SAT Reading and Writing Vocabulary. Example sentence drafted for this app and not yet editor-approved.,approved,draft
glean,glean,gleaned,verb,,,gather (information) bit by bit,,To glean is to gather bit by bit.,To _____ is to gather bit by bit.,,,,,gleaned,,,,,,letter-g | wrong-answer,2,Definitions from SAT Reading and Writing Vocabulary. Example sentence drafted for this app and not yet editor-approved.,approved,draft
grandeur,grandeur,,noun,,,"splendor, magnificence",,"The passage refers to a grandeur, splendor, magnificence.","The passage refers to a _____, splendor, magnificence.",,,,,,,,,,,letter-g | passage-or-stem,2,Definitions from SAT Reading and Writing Vocabulary. Example sentence drafted for this app and not yet editor-approved.,approved,draft
grapple,grapple,,verb,,,struggle to deal with,,The writer uses grapple for a change that will struggle to deal with.,The writer uses _____ for a change that will struggle to deal with.,,,,,,,,,,,letter-g | wrong-answer,2,Definitions from SAT Reading and Writing Vocabulary. Example sentence drafted for this app and not yet editor-approved.,approved,draft
gravitas,gravitas,,noun,,,"dignity, seriousness",,"The passage refers to a gravitas, dignity, seriousness.","The passage refers to a _____, dignity, seriousness.",,,,,,,,,,,letter-g | passage-or-stem,2,Definitions from SAT Reading and Writing Vocabulary. Example sentence drafted for this app and not yet editor-approved.,approved,draft
grievous,grievous,,adjective,,,"very severe, serious",,"The text calls it grievous, meaning very severe, serious.","The text calls it _____, meaning very severe, serious.",,,,,,,,,,,letter-g | passage-or-stem,2,Definitions from SAT Reading and Writing Vocabulary. Example sentence drafted for this app and not yet editor-approved.,approved,draft
gullible,gullible,,adverb,,,easily fooled,,"The narrator says it happened gullible, which means easily fooled.","The narrator says it happened _____, which means easily fooled.",,,,,,,,,,,letter-g | passage-or-stem,2,Definitions from SAT Reading and Writing Vocabulary. Example sentence drafted for this app and not yet editor-approved.,approved,draft
habituate,habituate,habituated,verb,,,make used to something,,"In the passage, things start to habituate: they make used to something.","In the passage, things start to _____: they make used to something.",,,,,habituated,,,,,,letter-h | wrong-answer,3,Definitions from SAT Reading and Writing Vocabulary. Example sentence drafted for this app and not yet editor-approved.,approved,draft
hamper,hamper,hampered,verb,,,"hinder, obstruct",,"To hamper is to hinder, obstruct.","To _____ is to hinder, obstruct.",,,,,hampered,,,,,,letter-h | correct-answer,2,Definitions from SAT Reading and Writing Vocabulary. Example sentence drafted for this app and not yet editor-approved.,approved,draft
haphazard,haphazard,,adjective,,,"random, disorganized",,"If something is haphazard, it is random, disorganized.","If something is _____, it is random, disorganized.",,,,,,,,,,,letter-h | correct-answer,3,Definitions from SAT Reading and Writing Vocabulary. Example sentence drafted for this app and not yet editor-approved.,approved,draft
harrowing,harrowing,,adverb,,,extremely distressing,,"The narrator says it happened harrowing, which means extremely distressing.","The narrator says it happened _____, which means extremely distressing.",,,,,,,,,,,letter-h | correct-answer,3,Definitions from SAT Reading and Writing Vocabulary. Example sentence drafted for this app and not yet editor-approved.,approved,draft
hawker,hawker,,noun,,,street seller,,"The passage refers to a hawker, street seller.","The passage refers to a _____, street seller.",,,,,,,,,,,letter-h | wrong-answer,2,Definitions from SAT Reading and Writing Vocabulary. Example sentence drafted for this app and not yet editor-approved.,approved,draft
hegemonic,hegemonic,,adjective,,,dominant (hegemony: dominance of one group over others),,"The text calls it hegemonic, meaning dominant.","The text calls it _____, meaning dominant.",,,,,,,,,,,letter-h | passage-or-stem,3,Definitions from SAT Reading and Writing Vocabulary. Example sentence drafted for this app and not yet editor-approved.,approved,draft
henceforth,henceforth,,adverb,,,from now on,,"The narrator says it happened henceforth, which means from now on.","The narrator says it happened _____, which means from now on.",,,,,,,,,,,letter-h | passage-or-stem,3,Definitions from SAT Reading and Writing Vocabulary. Example sentence drafted for this app and not yet editor-approved.,approved,draft
heterogeneous,heterogeneous,heterogeneity,adjective,,,"varied, made of different kinds",,"The text calls it heterogeneous, meaning varied, made of different kinds.","The text calls it _____, meaning varied, made of different kinds.",,,,,heterogeneity,,,,,,letter-h | wrong-answer,4,Definitions from SAT Reading and Writing Vocabulary. Example sentence drafted for this app and not yet editor-approved.,approved,draft
hew,hew,,verb,,,cut with an axe,shape by cutting,To hew is to cut with an axe.,To _____ is to cut with an axe.,,,,,,,,,,,letter-h | passage-or-stem | multi-sense,2,Definitions from SAT Reading and Writing Vocabulary. Example sentence drafted for this app and not yet editor-approved.,approved,draft
hinder,hinder,,verb,,,"hold back, obstruct",,"The writer uses hinder for a change that will hold back, obstruct.","The writer uses _____ for a change that will hold back, obstruct.",,,,,,,,,,,letter-h | correct-answer,2,Definitions from SAT Reading and Writing Vocabulary. Example sentence drafted for this app and not yet editor-approved.,approved,draft
hitherto,hitherto,,adverb,,,until now,,"The narrator says it happened hitherto, which means until now.","The narrator says it happened _____, which means until now.",,,,,,,,,,,letter-h | wrong-answer,2,Definitions from SAT Reading and Writing Vocabulary. Example sentence drafted for this app and not yet editor-approved.,approved,draft
hoard,hoard,,verb,,,collect and hide away,,To hoard is to collect and hide away.,To _____ is to collect and hide away.,,,,,,,,,,,letter-h | wrong-answer,2,Definitions from SAT Reading and Writing Vocabulary. Example sentence drafted for this app and not yet editor-approved.,approved,draft
homage,homage,,adjective,,,public honor or respect,,A homage case is one that is public honor or respect.,A _____ case is one that is public honor or respect.,,,,,,,,,,,letter-h | wrong-answer,2,Definitions from SAT Reading and Writing Vocabulary. Example sentence drafted for this app and not yet editor-approved.,approved,draft
homogeneous,homogeneous,homogenize,adjective,,,"uniform, the same throughout",make uniform,"If something is homogeneous, it is uniform, the same throughout.","If something is _____, it is uniform, the same throughout.",,,,,homogenize,,,The source also lists verb sense.,,,letter-h | correct-answer | multi-sense,3,Definitions from SAT Reading and Writing Vocabulary. Example sentence drafted for this app and not yet editor-approved.,approved,draft
hone,hone,,verb,,,"sharpen, refine",,"The writer uses hone for a change that will sharpen, refine.","The writer uses _____ for a change that will sharpen, refine.",,,,,,,,,,,letter-h | passage-or-stem,2,Definitions from SAT Reading and Writing Vocabulary. Example sentence drafted for this app and not yet editor-approved.,approved,draft
horde,horde,,adjective,,,large crowd,,"If something is horde, it is large crowd.","If something is _____, it is large crowd.",,,,,,,,,,,letter-h | passage-or-stem,2,Definitions from SAT Reading and Writing Vocabulary. Example sentence drafted for this app and not yet editor-approved.,approved,draft
hue,hue,,noun,,,"color, shade",,"What matters in the sentence is a hue: color, shade.","What matters in the sentence is a _____: color, shade.",,,,,,,,,,,letter-h | passage-or-stem,2,Definitions from SAT Reading and Writing Vocabulary. Example sentence drafted for this app and not yet editor-approved.,approved,draft
idiosyncratic,idiosyncratic,,adjective,,,peculiar to an individual,,"The text calls it idiosyncratic, meaning peculiar to an individual.","The text calls it _____, meaning peculiar to an individual.",,,,,,,,,,,letter-i | passage-or-stem,4,Definitions from SAT Reading and Writing Vocabulary. Example sentence drafted for this app and not yet editor-approved.,approved,draft
idyllic,idyllic,,adjective,,,peaceful and perfect,,"The text calls it idyllic, meaning peaceful and perfect.","The text calls it _____, meaning peaceful and perfect.",,,,,,,,,,,letter-i | passage-or-stem,2,Definitions from SAT Reading and Writing Vocabulary. Example sentence drafted for this app and not yet editor-approved.,approved,draft
ignoble,ignoble,ignobility,adjective,,,"dishonorable, shameful",,"A ignoble case is one that is dishonorable, shameful.","A _____ case is one that is dishonorable, shameful.",,,,,ignobility,,,,,,letter-i | correct-answer,2,Definitions from SAT Reading and Writing Vocabulary. Example sentence drafted for this app and not yet editor-approved.,approved,draft
imbibe,imbibe,,verb,,,drink,absorb (ideas),"In the passage, things start to imbibe: they drink.","In the passage, things start to _____: they drink.",,,,,,,,,,,letter-i | passage-or-stem | multi-sense,2,Definitions from SAT Reading and Writing Vocabulary. Example sentence drafted for this app and not yet editor-approved.,approved,draft
imminent,imminent,,adjective,,,about to happen,,"If something is imminent, it is about to happen.","If something is _____, it is about to happen.",,,,,,,,,,,letter-i | wrong-answer,2,Definitions from SAT Reading and Writing Vocabulary. Example sentence drafted for this app and not yet editor-approved.,approved,draft
impart,impart,,verb,,,"give, pass on (knowledge or a quality)",,"The writer uses impart for a change that will give, pass on.","The writer uses _____ for a change that will give, pass on.",,,,,,,,,,,letter-i | correct-answer,2,Definitions from SAT Reading and Writing Vocabulary. Example sentence drafted for this app and not yet editor-approved.,approved,draft
impartial,impartial,,adjective,,,"unbiased, fair",,"The text calls it impartial, meaning unbiased, fair.","The text calls it _____, meaning unbiased, fair.",,,,,,,,,,,letter-i | wrong-answer,3,Definitions from SAT Reading and Writing Vocabulary. Example sentence drafted for this app and not yet editor-approved.,approved,draft
impassioned,impassioned,,adjective,,,full of emotion,,"The text calls it impassioned, meaning full of emotion.","The text calls it _____, meaning full of emotion.",,,,,,,,,,,letter-i | passage-or-stem,3,Definitions from SAT Reading and Writing Vocabulary. Example sentence drafted for this app and not yet editor-approved.,approved,draft
impede,impede,impediment,verb,,,obstruct,an obstacle,To impede is to obstruct.,To _____ is to obstruct.,,,,,impediment,,,The source also lists noun sense.,,,letter-i | correct-answer | multi-sense,2,Definitions from SAT Reading and Writing Vocabulary. Example sentence drafted for this app and not yet editor-approved.,approved,draft
impel,impel,impelled,verb,,,"drive forward, urge",,"In the passage, things start to impel: they drive forward, urge.","In the passage, things start to _____: they drive forward, urge.",,,,,impelled,,,,,,letter-i | passage-or-stem,2,Definitions from SAT Reading and Writing Vocabulary. Example sentence drafted for this app and not yet editor-approved.,approved,draft
impending,impending,,adjective,,,about to happen,,A impending case is one that is about to happen.,A _____ case is one that is about to happen.,,,,,,,,,,,letter-i | correct-answer,3,Definitions from SAT Reading and Writing Vocabulary. Example sentence drafted for this app and not yet editor-approved.,approved,draft
impenetrable,impenetrable,,adjective,,,impossible to enter or understand,,"If something is impenetrable, it is impossible to enter or understand.","If something is _____, it is impossible to enter or understand.",,,,,,,,,,,letter-i | correct-answer,4,Definitions from SAT Reading and Writing Vocabulary. Example sentence drafted for this app and not yet editor-approved.,approved,draft
imperceptible,imperceptible,imperceptibly | perceptible,adjective,,,too slight to notice / noticeable,,A imperceptible case is one that is too slight to notice / noticeable.,A _____ case is one that is too slight to notice / noticeable.,,,,,imperceptibly | perceptible,,,,,,letter-i | correct-answer,4,Definitions from SAT Reading and Writing Vocabulary. Example sentence drafted for this app and not yet editor-approved.,approved,draft
impertinent,impertinent,,adjective,,,"rude, disrespectful",,"If something is impertinent, it is rude, disrespectful.","If something is _____, it is rude, disrespectful.",,,,,,,,,,,letter-i | passage-or-stem,3,Definitions from SAT Reading and Writing Vocabulary. Example sentence drafted for this app and not yet editor-approved.,approved,draft
impervious,impervious,,adjective,,,unaffected by,not letting anything through,"The text calls it impervious, meaning unaffected by.","The text calls it _____, meaning unaffected by.",,,,,,,,,,,letter-i | wrong-answer | multi-sense,3,Definitions from SAT Reading and Writing Vocabulary. Example sentence drafted for this app and not yet editor-approved.,approved,draft
implicit,implicit,,adjective,,,implied rather than stated directly,,"If something is implicit, it is implied rather than stated directly.","If something is _____, it is implied rather than stated directly.",,,,,,,,,,,letter-i | wrong-answer,2,Definitions from SAT Reading and Writing Vocabulary. Example sentence drafted for this app and not yet editor-approved.,approved,draft
implore,implore,imploring,verb,,,beg earnestly,,The writer uses implore for a change that will beg earnestly.,The writer uses _____ for a change that will beg earnestly.,,,,,imploring,,,,,,letter-i | passage-or-stem,2,Definitions from SAT Reading and Writing Vocabulary. Example sentence drafted for this app and not yet editor-approved.,approved,draft
importunate,importunate,,adverb,,,annoyingly persistent in making requests,,"The narrator says it happened importunate, which means annoyingly persistent in making requests.","The narrator says it happened _____, which means annoyingly persistent in making requests.",,,,,,,,,,,letter-i | passage-or-stem,3,Definitions from SAT Reading and Writing Vocabulary. Example sentence drafted for this app and not yet editor-approved.,approved,draft
imposing,imposing,,adjective,,,grand and impressive,,"The text calls it imposing, meaning grand and impressive.","The text calls it _____, meaning grand and impressive.",,,,,,,,,,,letter-i | wrong-answer,2,Definitions from SAT Reading and Writing Vocabulary. Example sentence drafted for this app and not yet editor-approved.,approved,draft
imprudence,imprudence,,adjective,,,unwise behavior (imprudent: unwise),,A imprudence case is one that is unwise behavior.,A _____ case is one that is unwise behavior.,,,,,,,,,,,letter-i | passage-or-stem,3,Definitions from SAT Reading and Writing Vocabulary. Example sentence drafted for this app and not yet editor-approved.,approved,draft
impute,impute,imputed,verb,,,attribute (often a fault) to someone,assign (a value) by inference,To impute is to attribute to someone.,To _____ is to attribute to someone.,,,,,imputed,,,,,,letter-i | passage-or-stem | multi-sense,2,Definitions from SAT Reading and Writing Vocabulary. Example sentence drafted for this app and not yet editor-approved.,approved,draft
inadvertently,inadvertently,,adverb,,,unintentionally,,"The narrator says it happened inadvertently, which means unintentionally.","The narrator says it happened _____, which means unintentionally.",,,,,,,,,,,letter-i | wrong-answer,4,Definitions from SAT Reading and Writing Vocabulary. Example sentence drafted for this app and not yet editor-approved.,approved,draft
inanimate,inanimate,,adjective,,,not alive,,A inanimate case is one that is not alive.,A _____ case is one that is not alive.,,,,,,,,,,,letter-i | passage-or-stem,3,Definitions from SAT Reading and Writing Vocabulary. Example sentence drafted for this app and not yet editor-approved.,approved,draft
incensed,incensed,,adjective,,,very angry,,"If something is incensed, it is very angry.","If something is _____, it is very angry.",,,,,,,,,,,letter-i | wrong-answer,2,Definitions from SAT Reading and Writing Vocabulary. Example sentence drafted for this app and not yet editor-approved.,approved,draft
inclination,inclination,,noun,,,tendency,liking,"Readers meet an inclination, meaning tendency.","Readers meet an _____, meaning tendency.",,,,,,,,,,,letter-i | wrong-answer | multi-sense,3,Definitions from SAT Reading and Writing Vocabulary. Example sentence drafted for this app and not yet editor-approved.,approved,draft
inconclusive,inconclusive,,adjective,,,not leading to a firm conclusion,,"If something is inconclusive, it is not leading to a firm conclusion.","If something is _____, it is not leading to a firm conclusion.",,,,,,,,,,,letter-i | wrong-answer,4,Definitions from SAT Reading and Writing Vocabulary. Example sentence drafted for this app and not yet editor-approved.,approved,draft
incongruous,incongruous,incongruity,adverb,,,"out of place, not fitting",,"The narrator says it happened incongruous, which means out of place, not fitting.","The narrator says it happened _____, which means out of place, not fitting.",,,,,incongruity,,,,,,letter-i | wrong-answer,3,Definitions from SAT Reading and Writing Vocabulary. Example sentence drafted for this app and not yet editor-approved.,approved,draft
inconsequential,inconsequential,,adjective,,,unimportant,,"If something is inconsequential, it is unimportant.","If something is _____, it is unimportant.",,,,,,,,,,,letter-i | correct-answer,4,Definitions from SAT Reading and Writing Vocabulary. Example sentence drafted for this app and not yet editor-approved.,approved,draft
inconspicuous,inconspicuous,inconspicuousness,adjective,,,not easily noticed,,A inconspicuous case is one that is not easily noticed.,A _____ case is one that is not easily noticed.,,,,,inconspicuousness,,,,,,letter-i | wrong-answer,4,Definitions from SAT Reading and Writing Vocabulary. Example sentence drafted for this app and not yet editor-approved.,approved,draft
incur,incur,,verb,,,bring upon oneself,,The writer uses incur for a change that will bring upon oneself.,The writer uses _____ for a change that will bring upon oneself.,,,,,,,,,,,letter-i | wrong-answer,2,Definitions from SAT Reading and Writing Vocabulary. Example sentence drafted for this app and not yet editor-approved.,approved,draft
indebted,indebted,,adjective,,,owing gratitude or money,,"The text calls it indebted, meaning owing gratitude or money.","The text calls it _____, meaning owing gratitude or money.",,,,,,,,,,,letter-i | wrong-answer,2,Definitions from SAT Reading and Writing Vocabulary. Example sentence drafted for this app and not yet editor-approved.,approved,draft
indecipherable,indecipherable,,adjective,,,impossible to read or understand,,A indecipherable case is one that is impossible to read or understand.,A _____ case is one that is impossible to read or understand.,,,,,,,,,,,letter-i | wrong-answer,4,Definitions from SAT Reading and Writing Vocabulary. Example sentence drafted for this app and not yet editor-approved.,approved,draft
indelible,indelible,,adjective,,,"permanent, impossible to remove",,"If something is indelible, it is permanent, impossible to remove.","If something is _____, it is permanent, impossible to remove.",,,,,,,,,,,letter-i | passage-or-stem,3,Definitions from SAT Reading and Writing Vocabulary. Example sentence drafted for this app and not yet editor-approved.,approved,draft
indentured,indentured,,adjective,,,bound by contract to work for a set time,,A indentured case is one that is bound by contract to work for a set time.,A _____ case is one that is bound by contract to work for a set time.,,,,,,,,,,,letter-i | passage-or-stem,3,Definitions from SAT Reading and Writing Vocabulary. Example sentence drafted for this app and not yet editor-approved.,approved,draft
indifferent,indifferent,indifference,adjective,,,"unconcerned, uninterested",,"The text calls it indifferent, meaning unconcerned, uninterested.","The text calls it _____, meaning unconcerned, uninterested.",,,,,indifference,,,,,,letter-i | wrong-answer,3,Definitions from SAT Reading and Writing Vocabulary. Example sentence drafted for this app and not yet editor-approved.,approved,draft
indignity,indignity,indignities,adjective,,,humiliating treatment,,"The text calls it indignity, meaning humiliating treatment.","The text calls it _____, meaning humiliating treatment.",,,,,indignities,,,,,,letter-i | passage-or-stem,3,Definitions from SAT Reading and Writing Vocabulary. Example sentence drafted for this app and not yet editor-approved.,approved,draft
indiscriminate,indiscriminate,,adjective,,,"unselective, random",,"The text calls it indiscriminate, meaning unselective, random.","The text calls it _____, meaning unselective, random.",,,,,,,,,,,letter-i | correct-answer,4,Definitions from SAT Reading and Writing Vocabulary. Example sentence drafted for this app and not yet editor-approved.,approved,draft
induce,induce,,verb,,,"cause, bring about",,"To induce is to cause, bring about.","To _____ is to cause, bring about.",,,,,,,,,,,letter-i | wrong-answer,2,Definitions from SAT Reading and Writing Vocabulary. Example sentence drafted for this app and not yet editor-approved.,approved,draft
inducement,inducement,,noun,,,"incentive, reward offered to persuade",,"What matters in the sentence is an inducement: incentive, reward offered to persuade.","What matters in the sentence is an _____: incentive, reward offered to persuade.",,,,,,,,,,,letter-i | correct-answer,3,Definitions from SAT Reading and Writing Vocabulary. Example sentence drafted for this app and not yet editor-approved.,approved,draft
indulge,indulge,,verb,,,allow oneself a pleasure,treat too leniently,The writer uses indulge for a change that will allow oneself a pleasure.,The writer uses _____ for a change that will allow oneself a pleasure.,,,,,,,,,,,letter-i | correct-answer | multi-sense,2,Definitions from SAT Reading and Writing Vocabulary. Example sentence drafted for this app and not yet editor-approved.,approved,draft
inertia,inertia,,noun,,,tendency to stay unchanged,inactivity,"Readers meet an inertia, meaning tendency to stay unchanged.","Readers meet an _____, meaning tendency to stay unchanged.",,,,,,,,,,,letter-i | correct-answer | multi-sense,2,Definitions from SAT Reading and Writing Vocabulary. Example sentence drafted for this app and not yet editor-approved.,approved,draft
inextricable,inextricable,inextricably,adjective,,,impossible to separate,,"If something is inextricable, it is impossible to separate.","If something is _____, it is impossible to separate.",,,,,inextricably,,,,,,letter-i | passage-or-stem,4,Definitions from SAT Reading and Writing Vocabulary. Example sentence drafted for this app and not yet editor-approved.,approved,draft
infallible,infallible,,adverb,,,never wrong,,"The narrator says it happened infallible, which means never wrong.","The narrator says it happened _____, which means never wrong.",,,,,,,,,,,letter-i | wrong-answer,3,Definitions from SAT Reading and Writing Vocabulary. Example sentence drafted for this app and not yet editor-approved.,approved,draft
infer,infer,,verb,,,conclude from evidence,,"In the passage, things start to infer: they conclude from evidence.","In the passage, things start to _____: they conclude from evidence.",,,,,,,,,,,letter-i | correct-answer,2,Definitions from SAT Reading and Writing Vocabulary. Example sentence drafted for this app and not yet editor-approved.,approved,draft
infraction,infraction,,noun,,,violation of a rule,,What matters in the sentence is an infraction: violation of a rule.,What matters in the sentence is an _____: violation of a rule.,,,,,,,,,,,letter-i | passage-or-stem,3,Definitions from SAT Reading and Writing Vocabulary. Example sentence drafted for this app and not yet editor-approved.,approved,draft
infuse,infuse,,verb,,,fill,instill (a quality),The writer uses infuse for a change that will fill.,The writer uses _____ for a change that will fill.,,,,,,,,,,,letter-i | passage-or-stem | multi-sense,2,Definitions from SAT Reading and Writing Vocabulary. Example sentence drafted for this app and not yet editor-approved.,approved,draft
ingenious,ingenious,,adjective,,,clever and inventive,,"If something is ingenious, it is clever and inventive.","If something is _____, it is clever and inventive.",,,,,,,,,,,letter-i | passage-or-stem,3,Definitions from SAT Reading and Writing Vocabulary. Example sentence drafted for this app and not yet editor-approved.,approved,draft
inherent,inherent,inherently,adjective,,,"built-in, essential",,"The text calls it inherent, meaning built-in, essential.","The text calls it _____, meaning built-in, essential.",,,,,inherently,,,,,,letter-i | correct-answer,2,Definitions from SAT Reading and Writing Vocabulary. Example sentence drafted for this app and not yet editor-approved.,approved,draft
inhibit,inhibit,,verb,,,"hold back, restrain",,"The writer uses inhibit for a change that will hold back, restrain.","The writer uses _____ for a change that will hold back, restrain.",,,,,,,,,,,letter-i | wrong-answer,2,Definitions from SAT Reading and Writing Vocabulary. Example sentence drafted for this app and not yet editor-approved.,approved,draft
inhospitable,inhospitable,,adjective,,,"harsh, unwelcoming",,"A inhospitable case is one that is harsh, unwelcoming.","A _____ case is one that is harsh, unwelcoming.",,,,,,,,,,,letter-i | passage-or-stem,4,Definitions from SAT Reading and Writing Vocabulary. Example sentence drafted for this app and not yet editor-approved.,approved,draft
innate,innate,,adjective,,,"inborn, natural",,"If something is innate, it is inborn, natural.","If something is _____, it is inborn, natural.",,,,,,,,,,,letter-i | correct-answer,2,Definitions from SAT Reading and Writing Vocabulary. Example sentence drafted for this app and not yet editor-approved.,approved,draft
innocuous,innocuous,,adjective,,,harmless,,A innocuous case is one that is harmless.,A _____ case is one that is harmless.,,,,,,,,,,,letter-i | correct-answer,3,Definitions from SAT Reading and Writing Vocabulary. Example sentence drafted for this app and not yet editor-approved.,approved,draft
inordinate,inordinate,,adjective,,,excessive,,"The text calls it inordinate, meaning excessive.","The text calls it _____, meaning excessive.",,,,,,,,,,,letter-i | wrong-answer,3,Definitions from SAT Reading and Writing Vocabulary. Example sentence drafted for this app and not yet editor-approved.,approved,draft
insensible,insensible,,adjective,,,unaware,unconscious,"If something is insensible, it is unaware.","If something is _____, it is unaware.",,,,,,,,,,,letter-i | wrong-answer | multi-sense,3,Definitions from SAT Reading and Writing Vocabulary. Example sentence drafted for this app and not yet editor-approved.,approved,draft
insinuate,insinuate,,verb,,,"suggest indirectly, often unpleasantly",,"The writer uses insinuate for a change that will suggest indirectly, often unpleasantly.","The writer uses _____ for a change that will suggest indirectly, often unpleasantly.",,,,,,,,,,,letter-i | correct-answer,3,Definitions from SAT Reading and Writing Vocabulary. Example sentence drafted for this app and not yet editor-approved.,approved,draft
instigate,instigate,instigator,verb,,,"provoke, start (something)",,"To instigate is to provoke, start.","To _____ is to provoke, start.",,,,,instigator,,,,,,letter-i | wrong-answer,3,Definitions from SAT Reading and Writing Vocabulary. Example sentence drafted for this app and not yet editor-approved.,approved,draft
instill,instill,,adverb,,,gradually implant (an idea or feeling),,"The narrator says it happened instill, which means gradually implant.","The narrator says it happened _____, which means gradually implant.",,,,,,,,,,,letter-i | wrong-answer,2,Definitions from SAT Reading and Writing Vocabulary. Example sentence drafted for this app and not yet editor-approved.,approved,draft
insurmountable,insurmountable,,adjective,,,impossible to overcome,,A insurmountable case is one that is impossible to overcome.,A _____ case is one that is impossible to overcome.,,,,,,,,,,,letter-i | correct-answer,4,Definitions from SAT Reading and Writing Vocabulary. Example sentence drafted for this app and not yet editor-approved.,approved,draft
intangible,intangible,,adjective,,,impossible to touch,hard to define,A intangible case is one that is impossible to touch.,A _____ case is one that is impossible to touch.,,,,,,,,,,,letter-i | correct-answer | multi-sense,3,Definitions from SAT Reading and Writing Vocabulary. Example sentence drafted for this app and not yet editor-approved.,approved,draft
integral,integral,,adjective,,,essential,,A integral case is one that is essential.,A _____ case is one that is essential.,,,,,,,,,,,letter-i | correct-answer,2,Definitions from SAT Reading and Writing Vocabulary. Example sentence drafted for this app and not yet editor-approved.,approved,draft
intelligible,intelligible,unintelligible,adjective,,,understandable / impossible to understand,,"If something is intelligible, it is understandable / impossible to understand.","If something is _____, it is understandable / impossible to understand.",,,,,unintelligible,,,,,,letter-i | wrong-answer,4,Definitions from SAT Reading and Writing Vocabulary. Example sentence drafted for this app and not yet editor-approved.,approved,draft
interim,interim,,noun,,,meantime,temporary,"The passage refers to an interim, meantime.","The passage refers to an _____, meantime.",,,,,,,,The source also lists adjective sense.,,,letter-i | passage-or-stem | multi-sense,2,Definitions from SAT Reading and Writing Vocabulary. Example sentence drafted for this app and not yet editor-approved.,approved,draft
interject,interject,,verb,,,interrupt with a remark,,To interject is to interrupt with a remark.,To _____ is to interrupt with a remark.,,,,,,,,,,,letter-i | wrong-answer,3,Definitions from SAT Reading and Writing Vocabulary. Example sentence drafted for this app and not yet editor-approved.,approved,draft
interlocutor,interlocutor,,noun,,,person taking part in a conversation,,"The passage refers to an interlocutor, person taking part in a conversation.","The passage refers to an _____, person taking part in a conversation.",,,,,,,,,,,letter-i | passage-or-stem,4,Definitions from SAT Reading and Writing Vocabulary. Example sentence drafted for this app and not yet editor-approved.,approved,draft
intermediary,intermediary,,noun,,,go-between,"in between, intermediate",What matters in the sentence is an intermediary: go-between.,What matters in the sentence is an _____: go-between.,,,,,,,,The source also lists adjective sense.,,,letter-i | correct-answer | multi-sense,4,Definitions from SAT Reading and Writing Vocabulary. Example sentence drafted for this app and not yet editor-approved.,approved,draft
interminable,interminable,,adjective,,,"endless, tediously long",,"The text calls it interminable, meaning endless, tediously long.","The text calls it _____, meaning endless, tediously long.",,,,,,,,,,,letter-i | wrong-answer,4,Definitions from SAT Reading and Writing Vocabulary. Example sentence drafted for this app and not yet editor-approved.,approved,draft
intermittent,intermittent,intermittently,verb,,,stopping and starting,,"In the passage, things start to intermittent: they stopping and starting.","In the passage, things start to _____: they stopping and starting.",,,,,intermittently,,,,,,letter-i | wrong-answer,4,Definitions from SAT Reading and Writing Vocabulary. Example sentence drafted for this app and not yet editor-approved.,approved,draft
interpolate,interpolate,,verb,,,insert (words or estimated values),,"In the passage, things start to interpolate: they insert.","In the passage, things start to _____: they insert.",,,,,,,,,,,letter-i | passage-or-stem,3,Definitions from SAT Reading and Writing Vocabulary. Example sentence drafted for this app and not yet editor-approved.,approved,draft
interred,interred,,adjective,,,buried (inter: bury),,"The text calls it interred, meaning buried.","The text calls it _____, meaning buried.",,,,,,,,,,,letter-i | passage-or-stem,2,Definitions from SAT Reading and Writing Vocabulary. Example sentence drafted for this app and not yet editor-approved.,approved,draft
interrogate,interrogate,,noun,,,question closely,examine critically,"The passage refers to an interrogate, question closely.","The passage refers to an _____, question closely.",,,,,,,,,,,letter-i | passage-or-stem | multi-sense,3,Definitions from SAT Reading and Writing Vocabulary. Example sentence drafted for this app and not yet editor-approved.,approved,draft
intersperse,intersperse,,verb,,,scatter among other things,,To intersperse is to scatter among other things.,To _____ is to scatter among other things.,,,,,,,,,,,letter-i | passage-or-stem,3,Definitions from SAT Reading and Writing Vocabulary. Example sentence drafted for this app and not yet editor-approved.,approved,draft
intimate,intimate,intimates,verb,,,suggest indirectly,"close, personal","In the passage, things start to intimate: they suggest indirectly.","In the passage, things start to _____: they suggest indirectly.",,,,,intimates,,,The source also lists adjective sense.,,,letter-i | passage-or-stem | multi-sense,2,Definitions from SAT Reading and Writing Vocabulary. Example sentence drafted for this app and not yet editor-approved.,approved,draft
intrepid,intrepid,,adjective,,,fearless,,"The text calls it intrepid, meaning fearless.","The text calls it _____, meaning fearless.",,,,,,,,,,,letter-i | passage-or-stem,2,Definitions from SAT Reading and Writing Vocabulary. Example sentence drafted for this app and not yet editor-approved.,approved,draft
intricate,intricate,intricacy,adjective,,,very detailed and complex,,A intricate case is one that is very detailed and complex.,A _____ case is one that is very detailed and complex.,,,,,intricacy,,,,,,letter-i | correct-answer,3,Definitions from SAT Reading and Writing Vocabulary. Example sentence drafted for this app and not yet editor-approved.,approved,draft
invariably,invariably,,adverb,,,always,,"The narrator says it happened invariably, which means always.","The narrator says it happened _____, which means always.",,,,,,,,,,,letter-i | passage-or-stem,3,Definitions from SAT Reading and Writing Vocabulary. Example sentence drafted for this app and not yet editor-approved.,approved,draft
invigorating,invigorating,,adjective,,,energizing,,"The text calls it invigorating, meaning energizing.","The text calls it _____, meaning energizing.",,,,,,,,,,,letter-i | passage-or-stem,4,Definitions from SAT Reading and Writing Vocabulary. Example sentence drafted for this app and not yet editor-approved.,approved,draft
inviolable,inviolable,,adverb,,,never to be broken or violated,,"The narrator says it happened inviolable, which means never to be broken or violated.","The narrator says it happened _____, which means never to be broken or violated.",,,,,,,,,,,letter-i | wrong-answer,3,Definitions from SAT Reading and Writing Vocabulary. Example sentence drafted for this app and not yet editor-approved.,approved,draft
invulnerable,invulnerable,,adjective,,,impossible to harm,,"If something is invulnerable, it is impossible to harm.","If something is _____, it is impossible to harm.",,,,,,,,,,,letter-i | wrong-answer,4,Definitions from SAT Reading and Writing Vocabulary. Example sentence drafted for this app and not yet editor-approved.,approved,draft
iridescent,iridescent,,adjective,,,shimmering with changing colors,,A iridescent case is one that is shimmering with changing colors.,A _____ case is one that is shimmering with changing colors.,,,,,,,,,,,letter-i | correct-answer,3,Definitions from SAT Reading and Writing Vocabulary. Example sentence drafted for this app and not yet editor-approved.,approved,draft
irrespective,irrespective,,adverb,,,regardless,,"The narrator says it happened irrespective, which means regardless.","The narrator says it happened _____, which means regardless.",,,,,,,,,,,letter-i | passage-or-stem,4,Definitions from SAT Reading and Writing Vocabulary. Example sentence drafted for this app and not yet editor-approved.,approved,draft
irrevocable,irrevocable,irrevocably,adjective,,,impossible to reverse,,A irrevocable case is one that is impossible to reverse.,A _____ case is one that is impossible to reverse.,,,,,irrevocably,,,,,,letter-i | wrong-answer,3,Definitions from SAT Reading and Writing Vocabulary. Example sentence drafted for this app and not yet editor-approved.,approved,draft
iteration,iteration,,noun,,,a version,a repetition,"Readers meet an iteration, meaning a version.","Readers meet an _____, meaning a version.",,,,,,,,,,,letter-i | passage-or-stem | multi-sense,3,Definitions from SAT Reading and Writing Vocabulary. Example sentence drafted for this app and not yet editor-approved.,approved,draft
jarring,jarring,,adjective,,,"clashing, unsettling",,"If something is jarring, it is clashing, unsettling.","If something is _____, it is clashing, unsettling.",,,,,,,,,,,letter-j | wrong-answer,2,Definitions from SAT Reading and Writing Vocabulary. Example sentence drafted for this app and not yet editor-approved.,approved,draft
juxtaposition,juxtaposition,,verb,,,placing side by side for contrast,,To juxtaposition is to placing side by side for contrast.,To _____ is to placing side by side for contrast.,,,,,,,,,,,letter-j | passage-or-stem,4,Definitions from SAT Reading and Writing Vocabulary. Example sentence drafted for this app and not yet editor-approved.,approved,draft
keen,keen,keenly,adjective,,,"sharp, intense (keen interest",stars glittered keenly) | eager,"A keen case is one that is sharp, intense (keen interest.","A _____ case is one that is sharp, intense (keen interest.",,,,,keenly,,,,,,letter-k | correct-answer | multi-sense,2,Definitions from SAT Reading and Writing Vocabulary. Example sentence drafted for this app and not yet editor-approved.,approved,draft
laborious,laborious,,verb,,,requiring much effort,,"In the passage, things start to laborious: they requiring much effort.","In the passage, things start to _____: they requiring much effort.",,,,,,,,,,,letter-l | passage-or-stem,3,Definitions from SAT Reading and Writing Vocabulary. Example sentence drafted for this app and not yet editor-approved.,approved,draft
labyrinthine,labyrinthine,,adjective,,,"maze-like, complicated",,"A labyrinthine case is one that is maze-like, complicated.","A _____ case is one that is maze-like, complicated.",,,,,,,,,,,letter-l | passage-or-stem,4,Definitions from SAT Reading and Writing Vocabulary. Example sentence drafted for this app and not yet editor-approved.,approved,draft
laconic,laconic,,verb,,,using few words,,To laconic is to using few words.,To _____ is to using few words.,,,,,,,,,,,letter-l | passage-or-stem,2,Definitions from SAT Reading and Writing Vocabulary. Example sentence drafted for this app and not yet editor-approved.,approved,draft
laden,laden,,adjective,,,"loaded, weighed down",,"If something is laden, it is loaded, weighed down.","If something is _____, it is loaded, weighed down.",,,,,,,,,,,letter-l | passage-or-stem,2,Definitions from SAT Reading and Writing Vocabulary. Example sentence drafted for this app and not yet editor-approved.,approved,draft
laity,laity,,adjective,,,"ordinary people, as opposed to clergy",,"A laity case is one that is ordinary people, as opposed to clergy.","A _____ case is one that is ordinary people, as opposed to clergy.",,,,,,,,,,,letter-l | passage-or-stem,2,Definitions from SAT Reading and Writing Vocabulary. Example sentence drafted for this app and not yet editor-approved.,approved,draft
lament,lament,,verb,,,mourn,an expression of grief,"In the passage, things start to lament: they mourn.","In the passage, things start to _____: they mourn.",,,,,,,,The source also lists noun sense.,,,letter-l | wrong-answer | multi-sense,2,Definitions from SAT Reading and Writing Vocabulary. Example sentence drafted for this app and not yet editor-approved.,approved,draft
languid,languid,,adjective,,,slow and relaxed,lacking energy,"The text calls it languid, meaning slow and relaxed.","The text calls it _____, meaning slow and relaxed.",,,,,,,,,,,letter-l | passage-or-stem | multi-sense,2,Definitions from SAT Reading and Writing Vocabulary. Example sentence drafted for this app and not yet editor-approved.,approved,draft
languish,languish,,adjective,,,weaken,suffer from neglect,A languish case is one that is weaken.,A _____ case is one that is weaken.,,,,,,,,,,,letter-l | passage-or-stem | multi-sense,2,Definitions from SAT Reading and Writing Vocabulary. Example sentence drafted for this app and not yet editor-approved.,approved,draft
lank,lank,,adjective,,,"long, straight, and limp (hair)",tall and thin,"If something is lank, it is long, straight, and limp.","If something is _____, it is long, straight, and limp.",,,,,,,,,,,letter-l | passage-or-stem | multi-sense,2,Definitions from SAT Reading and Writing Vocabulary. Example sentence drafted for this app and not yet editor-approved.,approved,draft
latent,latent,,adjective,,,present but hidden or inactive,,"The text calls it latent, meaning present but hidden or inactive.","The text calls it _____, meaning present but hidden or inactive.",,,,,,,,,,,letter-l | correct-answer,2,Definitions from SAT Reading and Writing Vocabulary. Example sentence drafted for this app and not yet editor-approved.,approved,draft
laud,laud,lauded | laudable,verb,,,praise,praiseworthy,To laud is to praise.,To _____ is to praise.,,,,,lauded | laudable,,,The source also lists adjective sense.,,,letter-l | passage-or-stem | multi-sense,2,Definitions from SAT Reading and Writing Vocabulary. Example sentence drafted for this app and not yet editor-approved.,approved,draft
legion,legion,,noun,,,"a large number, a huge crowd",,"What matters in the sentence is a legion: a large number, a huge crowd.","What matters in the sentence is a _____: a large number, a huge crowd.",,,,,,,,,,,letter-l | wrong-answer,2,Definitions from SAT Reading and Writing Vocabulary. Example sentence drafted for this app and not yet editor-approved.,approved,draft
levy,levy,levied,verb,,,impose (a tax or fine),,The writer uses levy for a change that will impose.,The writer uses _____ for a change that will impose.,,,,,levied,,,,,,letter-l | passage-or-stem,2,Definitions from SAT Reading and Writing Vocabulary. Example sentence drafted for this app and not yet editor-approved.,approved,draft
liken,liken,likened,verb,,,compare,,To liken is to compare.,To _____ is to compare.,,,,,likened,,,,,,letter-l | passage-or-stem,2,Definitions from SAT Reading and Writing Vocabulary. Example sentence drafted for this app and not yet editor-approved.,approved,draft
lilting,lilting,,adjective,,,rhythmic and cheerful,,A lilting case is one that is rhythmic and cheerful.,A _____ case is one that is rhythmic and cheerful.,,,,,,,,,,,letter-l | passage-or-stem,2,Definitions from SAT Reading and Writing Vocabulary. Example sentence drafted for this app and not yet editor-approved.,approved,draft
listless,listless,listlessly,adjective,,,lacking energy or interest,,"The text calls it listless, meaning lacking energy or interest.","The text calls it _____, meaning lacking energy or interest.",,,,,listlessly,,,,,,letter-l | passage-or-stem,2,Definitions from SAT Reading and Writing Vocabulary. Example sentence drafted for this app and not yet editor-approved.,approved,draft
livelihood,livelihood,,noun,,,means of earning a living,,What matters in the sentence is a livelihood: means of earning a living.,What matters in the sentence is a _____: means of earning a living.,,,,,,,,,,,letter-l | passage-or-stem,3,Definitions from SAT Reading and Writing Vocabulary. Example sentence drafted for this app and not yet editor-approved.,approved,draft
livid,livid,,adjective,,,furious,"(of color) bruise-colored, bluish-gray, or deathly pale","If something is livid, it is furious.","If something is _____, it is furious.",,,,,,,,,,,letter-l | passage-or-stem | multi-sense,2,Definitions from SAT Reading and Writing Vocabulary. Example sentence drafted for this app and not yet editor-approved.,approved,draft
loathe,loathe,loathed,verb,,,hate,,To loathe is to hate.,To _____ is to hate.,,,,,loathed,,,,,,letter-l | correct-answer,2,Definitions from SAT Reading and Writing Vocabulary. Example sentence drafted for this app and not yet editor-approved.,approved,draft
lofty,lofty,,adjective,,,high,noble | arrogant,A lofty case is one that is high.,A _____ case is one that is high.,,,,,,,,,,,letter-l | wrong-answer | multi-sense,2,Definitions from SAT Reading and Writing Vocabulary. Example sentence drafted for this app and not yet editor-approved.,approved,draft
lordly,lordly,,adjective,,,proud and grand,haughty,"If something is lordly, it is proud and grand.","If something is _____, it is proud and grand.",,,,,,,,,,,letter-l | passage-or-stem | multi-sense,2,Definitions from SAT Reading and Writing Vocabulary. Example sentence drafted for this app and not yet editor-approved.,approved,draft
lucid,lucid,,adjective,,,"clear, easy to understand",clear-headed (in a lucid dream the dreamer knows it is a dream),"The text calls it lucid, meaning clear, easy to understand.","The text calls it _____, meaning clear, easy to understand.",,,,,,,,,,,letter-l | passage-or-stem | multi-sense,2,Definitions from SAT Reading and Writing Vocabulary. Example sentence drafted for this app and not yet editor-approved.,approved,draft
lucrative,lucrative,,adjective,,,profitable,,"If something is lucrative, it is profitable.","If something is _____, it is profitable.",,,,,,,,,,,letter-l | wrong-answer,3,Definitions from SAT Reading and Writing Vocabulary. Example sentence drafted for this app and not yet editor-approved.,approved,draft
luminary,luminary,luminaries,adjective,,,inspiring or famous person in a field,,"If something is luminary, it is inspiring or famous person in a field.","If something is _____, it is inspiring or famous person in a field.",,,,,luminaries,,,,,,letter-l | passage-or-stem,2,Definitions from SAT Reading and Writing Vocabulary. Example sentence drafted for this app and not yet editor-approved.,approved,draft
luminous,luminous,,adjective,,,glowing,,"If something is luminous, it is glowing.","If something is _____, it is glowing.",,,,,,,,,,,letter-l | passage-or-stem,2,Definitions from SAT Reading and Writing Vocabulary. Example sentence drafted for this app and not yet editor-approved.,approved,draft
luxuriant,luxuriant,,adjective,,,rich and abundant (growth),,"The text calls it luxuriant, meaning rich and abundant.","The text calls it _____, meaning rich and abundant.",,,,,,,,,,,letter-l | passage-or-stem,3,Definitions from SAT Reading and Writing Vocabulary. Example sentence drafted for this app and not yet editor-approved.,approved,draft
lyrical,lyrical,,adjective,,,expressive and songlike,,"The text calls it lyrical, meaning expressive and songlike.","The text calls it _____, meaning expressive and songlike.",,,,,,,,,,,letter-l | passage-or-stem,2,Definitions from SAT Reading and Writing Vocabulary. Example sentence drafted for this app and not yet editor-approved.,approved,draft
malleable,malleable,,adverb,,,easily shaped or influenced,,"The narrator says it happened malleable, which means easily shaped or influenced.","The narrator says it happened _____, which means easily shaped or influenced.",,,,,,,,,,,letter-m | passage-or-stem,3,Definitions from SAT Reading and Writing Vocabulary. Example sentence drafted for this app and not yet editor-approved.,approved,draft
manifest,manifest,manifestly,adjective,,,"clear, perceptible","show, reveal","The text calls it manifest, meaning clear, perceptible.","The text calls it _____, meaning clear, perceptible.",,,,,manifestly,,,The source also lists verb sense.,,,letter-m | correct-answer | multi-sense,2,Definitions from SAT Reading and Writing Vocabulary. Example sentence drafted for this app and not yet editor-approved.,approved,draft
marginalia,marginalia,,noun,,,notes written in a book's margins,,What matters in the sentence is a marginalia: notes written in a book's margins.,What matters in the sentence is a _____: notes written in a book's margins.,,,,,,,,,,,letter-m | passage-or-stem,3,Definitions from SAT Reading and Writing Vocabulary. Example sentence drafted for this app and not yet editor-approved.,approved,draft
marginalize,marginalize,,verb,,,treat as unimportant or powerless,,The writer uses marginalize for a change that will treat as unimportant or powerless.,The writer uses _____ for a change that will treat as unimportant or powerless.,,,,,,,,,,,letter-m | correct-answer,3,Definitions from SAT Reading and Writing Vocabulary. Example sentence drafted for this app and not yet editor-approved.,approved,draft
maw,maw,,noun,,,mouth or throat of a hungry animal,something that seems to devour,"Readers meet a maw, meaning mouth or throat of a hungry animal.","Readers meet a _____, meaning mouth or throat of a hungry animal.",,,,,,,,,,,letter-m | passage-or-stem | multi-sense,2,Definitions from SAT Reading and Writing Vocabulary. Example sentence drafted for this app and not yet editor-approved.,approved,draft
mediate,mediate,,verb,,,bring about agreement,mediated by: happening through or influenced by,To mediate is to bring about agreement.,To _____ is to bring about agreement.,,,,,,,,,,,letter-m | correct-answer | multi-sense,2,Definitions from SAT Reading and Writing Vocabulary. Example sentence drafted for this app and not yet editor-approved.,approved,draft
melancholy,melancholy,,adjective,,,"deep, lasting sadness",,"A melancholy case is one that is deep, lasting sadness.","A _____ case is one that is deep, lasting sadness.",,,,,,,,,,,letter-m | wrong-answer,3,Definitions from SAT Reading and Writing Vocabulary. Example sentence drafted for this app and not yet editor-approved.,approved,draft
mercantile,mercantile,mercantilism,adjective,,,relating to trade,policy of building national wealth through exports,"The text calls it mercantile, meaning relating to trade.","The text calls it _____, meaning relating to trade.",,,,,mercantilism,,,The source also lists noun sense.,,,letter-m | wrong-answer | multi-sense,3,Definitions from SAT Reading and Writing Vocabulary. Example sentence drafted for this app and not yet editor-approved.,approved,draft
meticulous,meticulous,meticulously,adjective,,,very careful and precise,,"The text calls it meticulous, meaning very careful and precise.","The text calls it _____, meaning very careful and precise.",,,,,meticulously,,,,,,letter-m | passage-or-stem,3,Definitions from SAT Reading and Writing Vocabulary. Example sentence drafted for this app and not yet editor-approved.,approved,draft
mimesis,mimesis,,noun,,,imitation of reality in art,,"Readers meet a mimesis, meaning imitation of reality in art.","Readers meet a _____, meaning imitation of reality in art.",,,,,,,,,,,letter-m | correct-answer,2,Definitions from SAT Reading and Writing Vocabulary. Example sentence drafted for this app and not yet editor-approved.,approved,draft
minuscule,minuscule,,adjective,,,tiny,,"If something is minuscule, it is tiny.","If something is _____, it is tiny.",,,,,,,,,,,letter-m | passage-or-stem,3,Definitions from SAT Reading and Writing Vocabulary. Example sentence drafted for this app and not yet editor-approved.,approved,draft
minutely,minutely,,adverb,,,by a tiny amount,in fine detail,"The narrator says it happened minutely, which means by a tiny amount.","The narrator says it happened _____, which means by a tiny amount.",,,,,,,,,,,letter-m | passage-or-stem | multi-sense,2,Definitions from SAT Reading and Writing Vocabulary. Example sentence drafted for this app and not yet editor-approved.,approved,draft
mirth,mirth,,noun,,,"laughter, amusement",,"What matters in the sentence is a mirth: laughter, amusement.","What matters in the sentence is a _____: laughter, amusement.",,,,,,,,,,,letter-m | passage-or-stem,2,Definitions from SAT Reading and Writing Vocabulary. Example sentence drafted for this app and not yet editor-approved.,approved,draft
misanthropic,misanthropic,,adjective,,,distrustful or scornful of people,,"If something is misanthropic, it is distrustful or scornful of people.","If something is _____, it is distrustful or scornful of people.",,,,,,,,,,,letter-m | wrong-answer,4,Definitions from SAT Reading and Writing Vocabulary. Example sentence drafted for this app and not yet editor-approved.,approved,draft
misconstrue,misconstrue,,verb,,,misunderstand,,The writer uses misconstrue for a change that will misunderstand.,The writer uses _____ for a change that will misunderstand.,,,,,,,,,,,letter-m | wrong-answer,3,Definitions from SAT Reading and Writing Vocabulary. Example sentence drafted for this app and not yet editor-approved.,approved,draft
misgiving,misgiving,,noun,,,feeling of doubt or worry,,"The passage refers to a misgiving, feeling of doubt or worry.","The passage refers to a _____, feeling of doubt or worry.",,,,,,,,,,,letter-m | wrong-answer,3,Definitions from SAT Reading and Writing Vocabulary. Example sentence drafted for this app and not yet editor-approved.,approved,draft
mitigate,mitigate,mitigation,verb,,,make less severe,,The writer uses mitigate for a change that will make less severe.,The writer uses _____ for a change that will make less severe.,,,,,mitigation,,,,,,letter-m | correct-answer,2,Definitions from SAT Reading and Writing Vocabulary. Example sentence drafted for this app and not yet editor-approved.,approved,draft
monetize,monetize,,verb,,,make money from,,"In the passage, things start to monetize: they make money from.","In the passage, things start to _____: they make money from.",,,,,,,,,,,letter-m | wrong-answer,2,Definitions from SAT Reading and Writing Vocabulary. Example sentence drafted for this app and not yet editor-approved.,approved,draft
moniker,moniker,,verb,,,"name, nickname",,"In the passage, things start to moniker: they name, nickname.","In the passage, things start to _____: they name, nickname.",,,,,,,,,,,letter-m | passage-or-stem,2,Definitions from SAT Reading and Writing Vocabulary. Example sentence drafted for this app and not yet editor-approved.,approved,draft
monotonous,monotonous,monotony,adjective,,,dull and repetitive,,A monotonous case is one that is dull and repetitive.,A _____ case is one that is dull and repetitive.,,,,,monotony,,,,,,letter-m | passage-or-stem,3,Definitions from SAT Reading and Writing Vocabulary. Example sentence drafted for this app and not yet editor-approved.,approved,draft
muckraker,muckraker,,noun,,,journalist who exposes corruption,,What matters in the sentence is a muckraker: journalist who exposes corruption.,What matters in the sentence is a _____: journalist who exposes corruption.,,,,,,,,,,,letter-m | wrong-answer,3,Definitions from SAT Reading and Writing Vocabulary. Example sentence drafted for this app and not yet editor-approved.,approved,draft
multifaceted,multifaceted,,verb,,,having many aspects,,"In the passage, things start to multifaceted: they having many aspects.","In the passage, things start to _____: they having many aspects.",,,,,,,,,,,letter-m | wrong-answer,4,Definitions from SAT Reading and Writing Vocabulary. Example sentence drafted for this app and not yet editor-approved.,approved,draft
musing,musing,musings,adjective,,,thoughtful reflection,,"If something is musing, it is thoughtful reflection.","If something is _____, it is thoughtful reflection.",,,,,musings,,,,,,letter-m | passage-or-stem,2,Definitions from SAT Reading and Writing Vocabulary. Example sentence drafted for this app and not yet editor-approved.,approved,draft
myopic,myopic,,adjective,,,nearsighted,lacking foresight,A myopic case is one that is nearsighted.,A _____ case is one that is nearsighted.,,,,,,,,,,,letter-m | passage-or-stem | multi-sense,2,Definitions from SAT Reading and Writing Vocabulary. Example sentence drafted for this app and not yet editor-approved.,approved,draft
mystify,mystify,mystifying,verb,,,baffle,,The writer uses mystify for a change that will baffle.,The writer uses _____ for a change that will baffle.,,,,,mystifying,,,,,,letter-m | wrong-answer,2,Definitions from SAT Reading and Writing Vocabulary. Example sentence drafted for this app and not yet editor-approved.,approved,draft
nai-ve,naïve,,adjective,,,"innocent, lacking experience",,"A naïve case is one that is innocent, lacking experience.","A _____ case is one that is innocent, lacking experience.",,,,,,,,,,,letter-n | wrong-answer,2,Definitions from SAT Reading and Writing Vocabulary. Example sentence drafted for this app and not yet editor-approved.,approved,draft
nautical,nautical,,verb,,,relating to ships and sailing,,To nautical is to relating to ships and sailing.,To _____ is to relating to ships and sailing.,,,,,,,,,,,letter-n | correct-answer,2,Definitions from SAT Reading and Writing Vocabulary. Example sentence drafted for this app and not yet editor-approved.,approved,draft
negate,negate,,verb,,,cancel out,deny,To negate is to cancel out.,To _____ is to cancel out.,,,,,,,,,,,letter-n | correct-answer | multi-sense,2,Definitions from SAT Reading and Writing Vocabulary. Example sentence drafted for this app and not yet editor-approved.,approved,draft
negligible,negligible,,adjective,,,too small to matter,,"The text calls it negligible, meaning too small to matter.","The text calls it _____, meaning too small to matter.",,,,,,,,,,,letter-n | correct-answer,3,Definitions from SAT Reading and Writing Vocabulary. Example sentence drafted for this app and not yet editor-approved.,approved,draft
nomadic,nomadic,,adjective,,,"wandering, with no fixed home",,"The text calls it nomadic, meaning wandering, with no fixed home.","The text calls it _____, meaning wandering, with no fixed home.",,,,,,,,,,,letter-n | passage-or-stem,2,Definitions from SAT Reading and Writing Vocabulary. Example sentence drafted for this app and not yet editor-approved.,approved,draft
nominal,nominal,nominally,adjective,,,in name only,very small,A nominal case is one that is in name only.,A _____ case is one that is in name only.,,,,,nominally,,,,,,letter-n | passage-or-stem | multi-sense,2,Definitions from SAT Reading and Writing Vocabulary. Example sentence drafted for this app and not yet editor-approved.,approved,draft
nondescript,nondescript,,adjective,,,"dull, unremarkable",,"A nondescript case is one that is dull, unremarkable.","A _____ case is one that is dull, unremarkable.",,,,,,,,,,,letter-n | passage-or-stem,3,Definitions from SAT Reading and Writing Vocabulary. Example sentence drafted for this app and not yet editor-approved.,approved,draft
notional,notional,,adjective,,,"theoretical, existing only as an idea",,"If something is notional, it is theoretical, existing only as an idea.","If something is _____, it is theoretical, existing only as an idea.",,,,,,,,,,,letter-n | correct-answer,2,Definitions from SAT Reading and Writing Vocabulary. Example sentence drafted for this app and not yet editor-approved.,approved,draft
notorious,notorious,notoriously,adjective,,,famous for something bad,,"If something is notorious, it is famous for something bad.","If something is _____, it is famous for something bad.",,,,,notoriously,,,,,,letter-n | passage-or-stem,3,Definitions from SAT Reading and Writing Vocabulary. Example sentence drafted for this app and not yet editor-approved.,approved,draft
notwithstanding,notwithstanding,,preposition,,,in spite of,,The passage uses “notwithstanding” to mean in spite of.,The passage uses “_____” to mean in spite of.,,,,,,,,,,,letter-n | passage-or-stem,4,Definitions from SAT Reading and Writing Vocabulary. Example sentence drafted for this app and not yet editor-approved.,approved,draft
nuanced,nuanced,,verb,,,showing subtle distinctions,,To nuanced is to showing subtle distinctions.,To _____ is to showing subtle distinctions.,,,,,,,,,,,letter-n | wrong-answer,2,Definitions from SAT Reading and Writing Vocabulary. Example sentence drafted for this app and not yet editor-approved.,approved,draft
nullify,nullify,,verb,,,"cancel, make invalid",,"To nullify is to cancel, make invalid.","To _____ is to cancel, make invalid.",,,,,,,,,,,letter-n | correct-answer,2,Definitions from SAT Reading and Writing Vocabulary. Example sentence drafted for this app and not yet editor-approved.,approved,draft
obliterate,obliterate,obliteration,verb,,,destroy completely,,The writer uses obliterate for a change that will destroy completely.,The writer uses _____ for a change that will destroy completely.,,,,,obliteration,,,,,,letter-o | passage-or-stem,3,Definitions from SAT Reading and Writing Vocabulary. Example sentence drafted for this app and not yet editor-approved.,approved,draft
obscure,obscure,obscurity,adjective,,,unclear,little known | hide,"If something is obscure, it is unclear.","If something is _____, it is unclear.",,,,,obscurity,,,The source also lists verb sense.,,,letter-o | wrong-answer | multi-sense,2,Definitions from SAT Reading and Writing Vocabulary. Example sentence drafted for this app and not yet editor-approved.,approved,draft
obsolete,obsolete,,adverb,,,"out of date, no longer used",,"The narrator says it happened obsolete, which means out of date, no longer used.","The narrator says it happened _____, which means out of date, no longer used.",,,,,,,,,,,letter-o | passage-or-stem,2,Definitions from SAT Reading and Writing Vocabulary. Example sentence drafted for this app and not yet editor-approved.,approved,draft
obviate,obviate,,verb,,,make unnecessary,,To obviate is to make unnecessary.,To _____ is to make unnecessary.,,,,,,,,,,,letter-o | wrong-answer,2,Definitions from SAT Reading and Writing Vocabulary. Example sentence drafted for this app and not yet editor-approved.,approved,draft
occlude,occlude,,verb,,,"block, close off",,"To occlude is to block, close off.","To _____ is to block, close off.",,,,,,,,,,,letter-o | passage-or-stem,2,Definitions from SAT Reading and Writing Vocabulary. Example sentence drafted for this app and not yet editor-approved.,approved,draft
oeuvre,oeuvre,,noun,,,an artist's or writer's whole body of work,,"The passage refers to an oeuvre, an artist's or writer's whole body of work.","The passage refers to an _____, an artist's or writer's whole body of work.",,,,,,,,,,,letter-o | passage-or-stem,2,Definitions from SAT Reading and Writing Vocabulary. Example sentence drafted for this app and not yet editor-approved.,approved,draft
offhand,offhand,,adjective,,,"casual, informal",,"The text calls it offhand, meaning casual, informal.","The text calls it _____, meaning casual, informal.",,,,,,,,,,,letter-o | wrong-answer,2,Definitions from SAT Reading and Writing Vocabulary. Example sentence drafted for this app and not yet editor-approved.,approved,draft
olfactory,olfactory,,verb,,,relating to the sense of smell,,The writer uses olfactory for a change that will relating to the sense of smell.,The writer uses _____ for a change that will relating to the sense of smell.,,,,,,,,,,,letter-o | correct-answer,3,Definitions from SAT Reading and Writing Vocabulary. Example sentence drafted for this app and not yet editor-approved.,approved,draft
oligarchic,oligarchic,oligarchy,verb,,,ruled by a small group,,To oligarchic is to ruled by a small group.,To _____ is to ruled by a small group.,,,,,oligarchy,,,,,,letter-o | wrong-answer,3,Definitions from SAT Reading and Writing Vocabulary. Example sentence drafted for this app and not yet editor-approved.,approved,draft
ominous,ominous,,adjective,,,threatening,,A ominous case is one that is threatening.,A _____ case is one that is threatening.,,,,,,,,,,,letter-o | wrong-answer,2,Definitions from SAT Reading and Writing Vocabulary. Example sentence drafted for this app and not yet editor-approved.,approved,draft
opaque,opaque,opacity,adjective,,,not transparent,"unclear, hard to understand","If something is opaque, it is not transparent.","If something is _____, it is not transparent.",,,,,opacity,,,,,,letter-o | correct-answer | multi-sense,2,Definitions from SAT Reading and Writing Vocabulary. Example sentence drafted for this app and not yet editor-approved.,approved,draft
operative,operative,,adjective,,,functioning,in effect,"If something is operative, it is functioning.","If something is _____, it is functioning.",,,,,,,,,,,letter-o | wrong-answer | multi-sense,3,Definitions from SAT Reading and Writing Vocabulary. Example sentence drafted for this app and not yet editor-approved.,approved,draft
oppressive,oppressive,,adjective,,,"harsh, burdensome",,"The text calls it oppressive, meaning harsh, burdensome.","The text calls it _____, meaning harsh, burdensome.",,,,,,,,,,,letter-o | passage-or-stem,3,Definitions from SAT Reading and Writing Vocabulary. Example sentence drafted for this app and not yet editor-approved.,approved,draft
ornate,ornate,,adverb,,,highly decorated,,"The narrator says it happened ornate, which means highly decorated.","The narrator says it happened _____, which means highly decorated.",,,,,,,,,,,letter-o | passage-or-stem,2,Definitions from SAT Reading and Writing Vocabulary. Example sentence drafted for this app and not yet editor-approved.,approved,draft
oscillate,oscillate,oscillating,verb,,,swing back and forth,,"In the passage, things start to oscillate: they swing back and forth.","In the passage, things start to _____: they swing back and forth.",,,,,oscillating,,,,,,letter-o | passage-or-stem,3,Definitions from SAT Reading and Writing Vocabulary. Example sentence drafted for this app and not yet editor-approved.,approved,draft
ossify,ossify,ossified,verb,,,harden,become rigid and unchanging,The writer uses ossify for a change that will harden.,The writer uses _____ for a change that will harden.,,,,,ossified,,,,,,letter-o | passage-or-stem | multi-sense,2,Definitions from SAT Reading and Writing Vocabulary. Example sentence drafted for this app and not yet editor-approved.,approved,draft
ostensibly,ostensibly,,adverb,,,"apparently, but perhaps not really",,"The narrator says it happened ostensibly, which means apparently, but perhaps not really.","The narrator says it happened _____, which means apparently, but perhaps not really.",,,,,,,,,,,letter-o | passage-or-stem,3,Definitions from SAT Reading and Writing Vocabulary. Example sentence drafted for this app and not yet editor-approved.,approved,draft
ostentatious,ostentatious,,adjective,,,"showy, meant to impress",,"If something is ostentatious, it is showy, meant to impress.","If something is _____, it is showy, meant to impress.",,,,,,,,,,,letter-o | wrong-answer,4,Definitions from SAT Reading and Writing Vocabulary. Example sentence drafted for this app and not yet editor-approved.,approved,draft
outlandish,outlandish,outlandishly,adjective,,,"bizarre, strange",,"If something is outlandish, it is bizarre, strange.","If something is _____, it is bizarre, strange.",,,,,outlandishly,,,,,,letter-o | wrong-answer,3,Definitions from SAT Reading and Writing Vocabulary. Example sentence drafted for this app and not yet editor-approved.,approved,draft
outlay,outlay,,verb,,,"amount of money spent, expense",,"The writer uses outlay for a change that will amount of money spent, expense.","The writer uses _____ for a change that will amount of money spent, expense.",,,,,,,,,,,letter-o | correct-answer,2,Definitions from SAT Reading and Writing Vocabulary. Example sentence drafted for this app and not yet editor-approved.,approved,draft
outmoded,outmoded,,adverb,,,out of date,,"The narrator says it happened outmoded, which means out of date.","The narrator says it happened _____, which means out of date.",,,,,,,,,,,letter-o | wrong-answer,2,Definitions from SAT Reading and Writing Vocabulary. Example sentence drafted for this app and not yet editor-approved.,approved,draft
outspoken,outspoken,,adjective,,,"frank, expressing opinions openly",,"If something is outspoken, it is frank, expressing opinions openly.","If something is _____, it is frank, expressing opinions openly.",,,,,,,,,,,letter-o | wrong-answer,3,Definitions from SAT Reading and Writing Vocabulary. Example sentence drafted for this app and not yet editor-approved.,approved,draft
outstrip,outstrip,,verb,,,"surpass, go beyond",,"To outstrip is to surpass, go beyond.","To _____ is to surpass, go beyond.",,,,,,,,,,,letter-o | wrong-answer,2,Definitions from SAT Reading and Writing Vocabulary. Example sentence drafted for this app and not yet editor-approved.,approved,draft
overblown,overblown,,adjective,,,exaggerated,(of a flower) past full bloom,A overblown case is one that is exaggerated.,A _____ case is one that is exaggerated.,,,,,,,,,,,letter-o | wrong-answer | multi-sense,3,Definitions from SAT Reading and Writing Vocabulary. Example sentence drafted for this app and not yet editor-approved.,approved,draft
overt,overt,overtly,adjective,,,"open, not hidden",,"The text calls it overt, meaning open, not hidden.","The text calls it _____, meaning open, not hidden.",,,,,overtly,,,,,,letter-o | correct-answer,2,Definitions from SAT Reading and Writing Vocabulary. Example sentence drafted for this app and not yet editor-approved.,approved,draft
painstaking,painstaking,painstakingly,adjective,,,very careful and thorough,,"If something is painstaking, it is very careful and thorough.","If something is _____, it is very careful and thorough.",,,,,painstakingly,,,,,,letter-p | passage-or-stem,3,Definitions from SAT Reading and Writing Vocabulary. Example sentence drafted for this app and not yet editor-approved.,approved,draft
palimpsest,palimpsest,,noun,,,something reused or changed that still shows traces of its earlier form,,What matters in the sentence is a palimpsest: something reused or changed that still shows traces of its earlier form.,What matters in the sentence is a _____: something reused or changed that still shows traces of its earlier form.,,,,,,,,,,,letter-p | passage-or-stem,3,Definitions from SAT Reading and Writing Vocabulary. Example sentence drafted for this app and not yet editor-approved.,approved,draft
paradigm,paradigm,,noun,,,"model, typical pattern or framework",,"Readers meet a paradigm, meaning model, typical pattern or framework.","Readers meet a _____, meaning model, typical pattern or framework.",,,,,,,,,,,letter-p | wrong-answer,2,Definitions from SAT Reading and Writing Vocabulary. Example sentence drafted for this app and not yet editor-approved.,approved,draft
paradox,paradox,paradoxical,noun,,,a seemingly self-contradictory statement or situation,,What matters in the sentence is a paradox: a seemingly self-contradictory statement or situation.,What matters in the sentence is a _____: a seemingly self-contradictory statement or situation.,,,,,paradoxical,,,,,,letter-p | wrong-answer,2,Definitions from SAT Reading and Writing Vocabulary. Example sentence drafted for this app and not yet editor-approved.,approved,draft
patina,patina,,adjective,,,thin surface film on old metal or wood,an aura,"The text calls it patina, meaning thin surface film on old metal or wood.","The text calls it _____, meaning thin surface film on old metal or wood.",,,,,,,,,,,letter-p | passage-or-stem | multi-sense,2,Definitions from SAT Reading and Writing Vocabulary. Example sentence drafted for this app and not yet editor-approved.,approved,draft
patronage,patronage,,verb,,,support given by a patron,customers' business,The writer uses patronage for a change that will support given by a patron.,The writer uses _____ for a change that will support given by a patron.,,,,,,,,,,,letter-p | passage-or-stem | multi-sense,3,Definitions from SAT Reading and Writing Vocabulary. Example sentence drafted for this app and not yet editor-approved.,approved,draft
paucity,paucity,,noun,,,a shortage,,"Readers meet a paucity, meaning a shortage.","Readers meet a _____, meaning a shortage.",,,,,,,,,,,letter-p | correct-answer,2,Definitions from SAT Reading and Writing Vocabulary. Example sentence drafted for this app and not yet editor-approved.,approved,draft
pedagogy,pedagogy,,noun,,,methods of teaching,,"The passage refers to a pedagogy, methods of teaching.","The passage refers to a _____, methods of teaching.",,,,,,,,,,,letter-p | passage-or-stem,2,Definitions from SAT Reading and Writing Vocabulary. Example sentence drafted for this app and not yet editor-approved.,approved,draft
pedestrian,pedestrian,,adjective,,,"on foot, walking","also dull, ordinary","If something is pedestrian, it is on foot, walking.","If something is _____, it is on foot, walking.",,,,,,,,,,,letter-p | correct-answer | multi-sense,3,Definitions from SAT Reading and Writing Vocabulary. Example sentence drafted for this app and not yet editor-approved.,approved,draft
pedigree,pedigree,,noun,,,"ancestry, lineage",,"Readers meet a pedigree, meaning ancestry, lineage.","Readers meet a _____, meaning ancestry, lineage.",,,,,,,,,,,letter-p | passage-or-stem,2,Definitions from SAT Reading and Writing Vocabulary. Example sentence drafted for this app and not yet editor-approved.,approved,draft
penchant,penchant,,noun,,,"liking, fondness",,"What matters in the sentence is a penchant: liking, fondness.","What matters in the sentence is a _____: liking, fondness.",,,,,,,,,,,letter-p | passage-or-stem,2,Definitions from SAT Reading and Writing Vocabulary. Example sentence drafted for this app and not yet editor-approved.,approved,draft
penitent,penitent,,adjective,,,sorry for wrongdoing,,"If something is penitent, it is sorry for wrongdoing.","If something is _____, it is sorry for wrongdoing.",,,,,,,,,,,letter-p | passage-or-stem,2,Definitions from SAT Reading and Writing Vocabulary. Example sentence drafted for this app and not yet editor-approved.,approved,draft
percolate,percolate,percolates,verb,,,filter through gradually,spread slowly,"In the passage, things start to percolate: they filter through gradually.","In the passage, things start to _____: they filter through gradually.",,,,,percolates,,,,,,letter-p | passage-or-stem | multi-sense,3,Definitions from SAT Reading and Writing Vocabulary. Example sentence drafted for this app and not yet editor-approved.,approved,draft
peril,peril,,noun,,,danger,,"The passage refers to a peril, danger.","The passage refers to a _____, danger.",,,,,,,,,,,letter-p | passage-or-stem,2,Definitions from SAT Reading and Writing Vocabulary. Example sentence drafted for this app and not yet editor-approved.,approved,draft
peripheral,peripheral,periphery,adjective,,,at the edge,minor,"If something is peripheral, it is at the edge.","If something is _____, it is at the edge.",,,,,periphery,,,,,,letter-p | correct-answer | multi-sense,3,Definitions from SAT Reading and Writing Vocabulary. Example sentence drafted for this app and not yet editor-approved.,approved,draft
permeate,permeate,,verb,,,spread throughout,,"In the passage, things start to permeate: they spread throughout.","In the passage, things start to _____: they spread throughout.",,,,,,,,,,,letter-p | passage-or-stem,2,Definitions from SAT Reading and Writing Vocabulary. Example sentence drafted for this app and not yet editor-approved.,approved,draft
perpetual,perpetual,perpetually | perpetuity,adjective,,,never-ending,in perpetuity: forever,"The text calls it perpetual, meaning never-ending.","The text calls it _____, meaning never-ending.",,,,,perpetually | perpetuity,,,,,,letter-p | wrong-answer | multi-sense,3,Definitions from SAT Reading and Writing Vocabulary. Example sentence drafted for this app and not yet editor-approved.,approved,draft
perpetuate,perpetuate,perpetuates,verb,,,"keep going, prolong",,"In the passage, things start to perpetuate: they keep going, prolong.","In the passage, things start to _____: they keep going, prolong.",,,,,perpetuates,,,,,,letter-p | wrong-answer,3,Definitions from SAT Reading and Writing Vocabulary. Example sentence drafted for this app and not yet editor-approved.,approved,draft
perplex,perplex,perplexing,verb,,,"confuse, puzzle",,"The writer uses perplex for a change that will confuse, puzzle.","The writer uses _____ for a change that will confuse, puzzle.",,,,,perplexing,,,,,,letter-p | passage-or-stem,2,Definitions from SAT Reading and Writing Vocabulary. Example sentence drafted for this app and not yet editor-approved.,approved,draft
persevere,persevere,perseveres,verb,,,keep going despite difficulty,,The writer uses persevere for a change that will keep going despite difficulty.,The writer uses _____ for a change that will keep going despite difficulty.,,,,,perseveres,,,,,,letter-p | wrong-answer,3,Definitions from SAT Reading and Writing Vocabulary. Example sentence drafted for this app and not yet editor-approved.,approved,draft
personage,personage,,adjective,,,important or distinguished person,,"If something is personage, it is important or distinguished person.","If something is _____, it is important or distinguished person.",,,,,,,,,,,letter-p | passage-or-stem,3,Definitions from SAT Reading and Writing Vocabulary. Example sentence drafted for this app and not yet editor-approved.,approved,draft
pertinent,pertinent,,adjective,,,relevant,,"The text calls it pertinent, meaning relevant.","The text calls it _____, meaning relevant.",,,,,,,,,,,letter-p | wrong-answer,3,Definitions from SAT Reading and Writing Vocabulary. Example sentence drafted for this app and not yet editor-approved.,approved,draft
phalanx,phalanx,,noun,,,a finger or toe bone,also a tightly packed group,"Readers meet a phalanx, meaning a finger or toe bone.","Readers meet a _____, meaning a finger or toe bone.",,,,,,,,,,,letter-p | correct-answer | multi-sense,2,Definitions from SAT Reading and Writing Vocabulary. Example sentence drafted for this app and not yet editor-approved.,approved,draft
philanthropic,philanthropic,,adjective,,,"charitable, helping others",,"If something is philanthropic, it is charitable, helping others.","If something is _____, it is charitable, helping others.",,,,,,,,,,,letter-p | passage-or-stem,4,Definitions from SAT Reading and Writing Vocabulary. Example sentence drafted for this app and not yet editor-approved.,approved,draft
pivotal,pivotal,,adjective,,,crucial,,A pivotal case is one that is crucial.,A _____ case is one that is crucial.,,,,,,,,,,,letter-p | passage-or-stem,2,Definitions from SAT Reading and Writing Vocabulary. Example sentence drafted for this app and not yet editor-approved.,approved,draft
placate,placate,placated,verb,,,"calm, pacify",,"The writer uses placate for a change that will calm, pacify.","The writer uses _____ for a change that will calm, pacify.",,,,,placated,,,,,,letter-p | wrong-answer,2,Definitions from SAT Reading and Writing Vocabulary. Example sentence drafted for this app and not yet editor-approved.,approved,draft
plasticity,plasticity,,noun,,,ability to be shaped or to change,,"The passage refers to a plasticity, ability to be shaped or to change.","The passage refers to a _____, ability to be shaped or to change.",,,,,,,,,,,letter-p | passage-or-stem,3,Definitions from SAT Reading and Writing Vocabulary. Example sentence drafted for this app and not yet editor-approved.,approved,draft
plausible,plausible,plausibility | plausibly,adjective,,,"believable, reasonable",,"A plausible case is one that is believable, reasonable.","A _____ case is one that is believable, reasonable.",,,,,plausibility | plausibly,,,,,,letter-p | correct-answer,3,Definitions from SAT Reading and Writing Vocabulary. Example sentence drafted for this app and not yet editor-approved.,approved,draft
plethora,plethora,,noun,,,"excess, overabundance",,"What matters in the sentence is a plethora: excess, overabundance.","What matters in the sentence is a _____: excess, overabundance.",,,,,,,,,,,letter-p | passage-or-stem,2,Definitions from SAT Reading and Writing Vocabulary. Example sentence drafted for this app and not yet editor-approved.,approved,draft
plodding,plodding,,adjective,,,slow and laborious,,"If something is plodding, it is slow and laborious.","If something is _____, it is slow and laborious.",,,,,,,,,,,letter-p | wrong-answer,2,Definitions from SAT Reading and Writing Vocabulary. Example sentence drafted for this app and not yet editor-approved.,approved,draft
polarize,polarize,,verb,,,divide into opposing groups,,The writer uses polarize for a change that will divide into opposing groups.,The writer uses _____ for a change that will divide into opposing groups.,,,,,,,,,,,letter-p | correct-answer,2,Definitions from SAT Reading and Writing Vocabulary. Example sentence drafted for this app and not yet editor-approved.,approved,draft
ponderous,ponderous,,adjective,,,heavy and slow,dull,A ponderous case is one that is heavy and slow.,A _____ case is one that is heavy and slow.,,,,,,,,,,,letter-p | passage-or-stem | multi-sense,3,Definitions from SAT Reading and Writing Vocabulary. Example sentence drafted for this app and not yet editor-approved.,approved,draft
populace,populace,,noun,,,the people of a place,,"Readers meet a populace, meaning the people of a place.","Readers meet a _____, meaning the people of a place.",,,,,,,,,,,letter-p | wrong-answer,2,Definitions from SAT Reading and Writing Vocabulary. Example sentence drafted for this app and not yet editor-approved.,approved,draft
populous,populous,,adverb,,,densely populated,,"The narrator says it happened populous, which means densely populated.","The narrator says it happened _____, which means densely populated.",,,,,,,,,,,letter-p | passage-or-stem,2,Definitions from SAT Reading and Writing Vocabulary. Example sentence drafted for this app and not yet editor-approved.,approved,draft
porous,porous,,adjective,,,full of tiny holes that let liquid or air through,,"The text calls it porous, meaning full of tiny holes that let liquid or air through.","The text calls it _____, meaning full of tiny holes that let liquid or air through.",,,,,,,,,,,letter-p | wrong-answer,2,Definitions from SAT Reading and Writing Vocabulary. Example sentence drafted for this app and not yet editor-approved.,approved,draft
posit,posit,posits,verb,,,put forward as a fact or basis for argument,,To posit is to put forward as a fact or basis for argument.,To _____ is to put forward as a fact or basis for argument.,,,,,posits,,,,,,letter-p | correct-answer,2,Definitions from SAT Reading and Writing Vocabulary. Example sentence drafted for this app and not yet editor-approved.,approved,draft
pragmatic,pragmatic,pragmatism,adjective,,,"practical, focused on results",,"A pragmatic case is one that is practical, focused on results.","A _____ case is one that is practical, focused on results.",,,,,pragmatism,,,,,,letter-p | wrong-answer,3,Definitions from SAT Reading and Writing Vocabulary. Example sentence drafted for this app and not yet editor-approved.,approved,draft
preamble,preamble,,noun,,,introduction,,"The passage refers to a preamble, introduction.","The passage refers to a _____, introduction.",,,,,,,,,,,letter-p | passage-or-stem,2,Definitions from SAT Reading and Writing Vocabulary. Example sentence drafted for this app and not yet editor-approved.,approved,draft
precarious,precarious,precariousness,adjective,,,"unstable, risky",,"A precarious case is one that is unstable, risky.","A _____ case is one that is unstable, risky.",,,,,precariousness,,,,,,letter-p | wrong-answer,3,Definitions from SAT Reading and Writing Vocabulary. Example sentence drafted for this app and not yet editor-approved.,approved,draft
precipitate,precipitate,precipitating,verb,,,cause to happen suddenly,,"In the passage, things start to precipitate: they cause to happen suddenly.","In the passage, things start to _____: they cause to happen suddenly.",,,,,precipitating,,,,,,letter-p | passage-or-stem,3,Definitions from SAT Reading and Writing Vocabulary. Example sentence drafted for this app and not yet editor-approved.,approved,draft
preclude,preclude,,verb,,,"prevent, rule out",,"To preclude is to prevent, rule out.","To _____ is to prevent, rule out.",,,,,,,,,,,letter-p | passage-or-stem,2,Definitions from SAT Reading and Writing Vocabulary. Example sentence drafted for this app and not yet editor-approved.,approved,draft
precursor,precursor,,noun,,,forerunner,,What matters in the sentence is a precursor: forerunner.,What matters in the sentence is a _____: forerunner.,,,,,,,,,,,letter-p | wrong-answer,3,Definitions from SAT Reading and Writing Vocabulary. Example sentence drafted for this app and not yet editor-approved.,approved,draft
predate,predate,,verb,,,exist earlier than,,The writer uses predate for a change that will exist earlier than.,The writer uses _____ for a change that will exist earlier than.,,,,,,,,,,,letter-p | correct-answer,2,Definitions from SAT Reading and Writing Vocabulary. Example sentence drafted for this app and not yet editor-approved.,approved,draft
preeminent,preeminent,,adjective,,,"outstanding, best",,"If something is preeminent, it is outstanding, best.","If something is _____, it is outstanding, best.",,,,,,,,,,,letter-p | wrong-answer,3,Definitions from SAT Reading and Writing Vocabulary. Example sentence drafted for this app and not yet editor-approved.,approved,draft
preen,preen,,verb,,,groom oneself,show off,The writer uses preen for a change that will groom oneself.,The writer uses _____ for a change that will groom oneself.,,,,,,,,,,,letter-p | passage-or-stem | multi-sense,2,Definitions from SAT Reading and Writing Vocabulary. Example sentence drafted for this app and not yet editor-approved.,approved,draft
prefatory,prefatory,,adjective,,,introductory,,A prefatory case is one that is introductory.,A _____ case is one that is introductory.,,,,,,,,,,,letter-p | passage-or-stem,3,Definitions from SAT Reading and Writing Vocabulary. Example sentence drafted for this app and not yet editor-approved.,approved,draft
prefigure,prefigure,prefiguring,verb,,,foreshadow,,To prefigure is to foreshadow.,To _____ is to foreshadow.,,,,,prefiguring,,,,,,letter-p | wrong-answer,3,Definitions from SAT Reading and Writing Vocabulary. Example sentence drafted for this app and not yet editor-approved.,approved,draft
premeditated,premeditated,,adjective,,,planned in advance,,"The text calls it premeditated, meaning planned in advance.","The text calls it _____, meaning planned in advance.",,,,,,,,,,,letter-p | wrong-answer,4,Definitions from SAT Reading and Writing Vocabulary. Example sentence drafted for this app and not yet editor-approved.,approved,draft
premise,premise,,noun,,,basis of an argument,,What matters in the sentence is a premise: basis of an argument.,What matters in the sentence is a _____: basis of an argument.,,,,,,,,,,,letter-p | passage-or-stem,2,Definitions from SAT Reading and Writing Vocabulary. Example sentence drafted for this app and not yet editor-approved.,approved,draft
preponderance,preponderance,,adjective,,,greater number or importance,,A preponderance case is one that is greater number or importance.,A _____ case is one that is greater number or importance.,,,,,,,,,,,letter-p | passage-or-stem,4,Definitions from SAT Reading and Writing Vocabulary. Example sentence drafted for this app and not yet editor-approved.,approved,draft
prerogative,prerogative,,adjective,,,special right or privilege,,"If something is prerogative, it is special right or privilege.","If something is _____, it is special right or privilege.",,,,,,,,,,,letter-p | passage-or-stem,3,Definitions from SAT Reading and Writing Vocabulary. Example sentence drafted for this app and not yet editor-approved.,approved,draft
presume,presume,,verb,,,"suppose, take for granted",,"The writer uses presume for a change that will suppose, take for granted.","The writer uses _____ for a change that will suppose, take for granted.",,,,,,,,,,,letter-p | wrong-answer,2,Definitions from SAT Reading and Writing Vocabulary. Example sentence drafted for this app and not yet editor-approved.,approved,draft
presumptuous,presumptuous,,adjective,,,"overconfident, taking liberties",,"The text calls it presumptuous, meaning overconfident, taking liberties.","The text calls it _____, meaning overconfident, taking liberties.",,,,,,,,,,,letter-p | correct-answer,4,Definitions from SAT Reading and Writing Vocabulary. Example sentence drafted for this app and not yet editor-approved.,approved,draft
presuppose,presuppose,,verb,,,assume in advance,,"In the passage, things start to presuppose: they assume in advance.","In the passage, things start to _____: they assume in advance.",,,,,,,,,,,letter-p | wrong-answer,3,Definitions from SAT Reading and Writing Vocabulary. Example sentence drafted for this app and not yet editor-approved.,approved,draft
pretentious,pretentious,"unpretentious | ,",adjective,,,"trying to seem more important than one is / modest, unaffected",,"A pretentious case is one that is trying to seem more important than one is / modest, unaffected.","A _____ case is one that is trying to seem more important than one is / modest, unaffected.",,,,,"unpretentious | ,",,,,,,letter-p | wrong-answer,3,Definitions from SAT Reading and Writing Vocabulary. Example sentence drafted for this app and not yet editor-approved.,approved,draft
prevail,prevail,prevailing,verb,,,win,be widespread,The writer uses prevail for a change that will win.,The writer uses _____ for a change that will win.,,,,,prevailing,,,,,,letter-p | wrong-answer | multi-sense,2,Definitions from SAT Reading and Writing Vocabulary. Example sentence drafted for this app and not yet editor-approved.,approved,draft
prevalent,prevalent,,adjective,,,widespread,,"The text calls it prevalent, meaning widespread.","The text calls it _____, meaning widespread.",,,,,,,,,,,letter-p | wrong-answer,3,Definitions from SAT Reading and Writing Vocabulary. Example sentence drafted for this app and not yet editor-approved.,approved,draft
primacy,primacy,,verb,,,state of being first or most important,,To primacy is to state of being first or most important.,To _____ is to state of being first or most important.,,,,,,,,,,,letter-p | wrong-answer,2,Definitions from SAT Reading and Writing Vocabulary. Example sentence drafted for this app and not yet editor-approved.,approved,draft
pristine,pristine,,adjective,,,"unspoiled, perfectly clean",,"A pristine case is one that is unspoiled, perfectly clean.","A _____ case is one that is unspoiled, perfectly clean.",,,,,,,,,,,letter-p | correct-answer,2,Definitions from SAT Reading and Writing Vocabulary. Example sentence drafted for this app and not yet editor-approved.,approved,draft
profess,profess,professes,verb,,,claim openly,declare (a belief),"In the passage, things start to profess: they claim openly.","In the passage, things start to _____: they claim openly.",,,,,professes,,,,,,letter-p | wrong-answer | multi-sense,2,Definitions from SAT Reading and Writing Vocabulary. Example sentence drafted for this app and not yet editor-approved.,approved,draft
proffer,proffer,,verb,,,offer,,The writer uses proffer for a change that will offer.,The writer uses _____ for a change that will offer.,,,,,,,,,,,letter-p | passage-or-stem,2,Definitions from SAT Reading and Writing Vocabulary. Example sentence drafted for this app and not yet editor-approved.,approved,draft
proficient,proficient,,adjective,,,skilled,,"The text calls it proficient, meaning skilled.","The text calls it _____, meaning skilled.",,,,,,,,,,,letter-p | wrong-answer,3,Definitions from SAT Reading and Writing Vocabulary. Example sentence drafted for this app and not yet editor-approved.,approved,draft
profound,profound,,adjective,,,"deep, significant",,"The text calls it profound, meaning deep, significant.","The text calls it _____, meaning deep, significant.",,,,,,,,,,,letter-p | wrong-answer,2,Definitions from SAT Reading and Writing Vocabulary. Example sentence drafted for this app and not yet editor-approved.,approved,draft
profusion,profusion,,noun,,,abundance,,"Readers meet a profusion, meaning abundance.","Readers meet a _____, meaning abundance.",,,,,,,,,,,letter-p | wrong-answer,3,Definitions from SAT Reading and Writing Vocabulary. Example sentence drafted for this app and not yet editor-approved.,approved,draft
proliferate,proliferate,proliferated,verb,,,multiply rapidly,,The writer uses proliferate for a change that will multiply rapidly.,The writer uses _____ for a change that will multiply rapidly.,,,,,proliferated,,,,,,letter-p | wrong-answer,3,Definitions from SAT Reading and Writing Vocabulary. Example sentence drafted for this app and not yet editor-approved.,approved,draft
prolific,prolific,,adverb,,,highly productive,,"The narrator says it happened prolific, which means highly productive.","The narrator says it happened _____, which means highly productive.",,,,,,,,,,,letter-p | passage-or-stem,2,Definitions from SAT Reading and Writing Vocabulary. Example sentence drafted for this app and not yet editor-approved.,approved,draft
prone,prone,,adjective,,,likely to,lying face down,"The text calls it prone, meaning likely to.","The text calls it _____, meaning likely to.",,,,,,,,,,,letter-p | correct-answer | multi-sense,2,Definitions from SAT Reading and Writing Vocabulary. Example sentence drafted for this app and not yet editor-approved.,approved,draft
propagate,propagate,,verb,,,spread,reproduce,"In the passage, things start to propagate: they spread.","In the passage, things start to _____: they spread.",,,,,,,,,,,letter-p | wrong-answer | multi-sense,3,Definitions from SAT Reading and Writing Vocabulary. Example sentence drafted for this app and not yet editor-approved.,approved,draft
propensity,propensity,,adjective,,,natural tendency,,"If something is propensity, it is natural tendency.","If something is _____, it is natural tendency.",,,,,,,,,,,letter-p | wrong-answer,3,Definitions from SAT Reading and Writing Vocabulary. Example sentence drafted for this app and not yet editor-approved.,approved,draft
proponent,proponent,,noun,,,"supporter, advocate",,"Readers meet a proponent, meaning supporter, advocate.","Readers meet a _____, meaning supporter, advocate.",,,,,,,,,,,letter-p | correct-answer,3,Definitions from SAT Reading and Writing Vocabulary. Example sentence drafted for this app and not yet editor-approved.,approved,draft
propriety,propriety,,adjective,,,correct behavior,appropriateness,"The text calls it propriety, meaning correct behavior.","The text calls it _____, meaning correct behavior.",,,,,,,,,,,letter-p | passage-or-stem | multi-sense,3,Definitions from SAT Reading and Writing Vocabulary. Example sentence drafted for this app and not yet editor-approved.,approved,draft
prosaic,prosaic,,adjective,,,"ordinary, dull",,"The text calls it prosaic, meaning ordinary, dull.","The text calls it _____, meaning ordinary, dull.",,,,,,,,,,,letter-p | wrong-answer,2,Definitions from SAT Reading and Writing Vocabulary. Example sentence drafted for this app and not yet editor-approved.,approved,draft
protracted,protracted,,adjective,,,prolonged,,"If something is protracted, it is prolonged.","If something is _____, it is prolonged.",,,,,,,,,,,letter-p | wrong-answer,3,Definitions from SAT Reading and Writing Vocabulary. Example sentence drafted for this app and not yet editor-approved.,approved,draft
provocative,provocative,,verb,,,causing a strong reaction,,"In the passage, things start to provocative: they causing a strong reaction.","In the passage, things start to _____: they causing a strong reaction.",,,,,,,,,,,letter-p | passage-or-stem,3,Definitions from SAT Reading and Writing Vocabulary. Example sentence drafted for this app and not yet editor-approved.,approved,draft
prowess,prowess,,noun,,,"skill, expertise",,"Readers meet a prowess, meaning skill, expertise.","Readers meet a _____, meaning skill, expertise.",,,,,,,,,,,letter-p | passage-or-stem,2,Definitions from SAT Reading and Writing Vocabulary. Example sentence drafted for this app and not yet editor-approved.,approved,draft
proximity,proximity,,noun,,,nearness,,"Readers meet a proximity, meaning nearness.","Readers meet a _____, meaning nearness.",,,,,,,,,,,letter-p | correct-answer,3,Definitions from SAT Reading and Writing Vocabulary. Example sentence drafted for this app and not yet editor-approved.,approved,draft
proxy,proxy,,verb,,,"substitute, stand-in",,"To proxy is to substitute, stand-in.","To _____ is to substitute, stand-in.",,,,,,,,,,,letter-p | correct-answer,2,Definitions from SAT Reading and Writing Vocabulary. Example sentence drafted for this app and not yet editor-approved.,approved,draft
prudent,prudent,,adjective,,,wise and careful,,"If something is prudent, it is wise and careful.","If something is _____, it is wise and careful.",,,,,,,,,,,letter-p | correct-answer,2,Definitions from SAT Reading and Writing Vocabulary. Example sentence drafted for this app and not yet editor-approved.,approved,draft
pseudonym,pseudonym,,noun,,,"pen name, false name",,"What matters in the sentence is a pseudonym: pen name, false name.","What matters in the sentence is a _____: pen name, false name.",,,,,,,,,,,letter-p | correct-answer,3,Definitions from SAT Reading and Writing Vocabulary. Example sentence drafted for this app and not yet editor-approved.,approved,draft
pulverize,pulverize,pulverizing,verb,,,crush to powder,,To pulverize is to crush to powder.,To _____ is to crush to powder.,,,,,pulverizing,,,,,,letter-p | passage-or-stem,3,Definitions from SAT Reading and Writing Vocabulary. Example sentence drafted for this app and not yet editor-approved.,approved,draft
punctilious,punctilious,,adjective,,,very careful about details and correct behavior,,A punctilious case is one that is very careful about details and correct behavior.,A _____ case is one that is very careful about details and correct behavior.,,,,,,,,,,,letter-p | passage-or-stem,3,Definitions from SAT Reading and Writing Vocabulary. Example sentence drafted for this app and not yet editor-approved.,approved,draft
purist,purist,,noun,,,person who insists on traditional correctness,,What matters in the sentence is a purist: person who insists on traditional correctness.,What matters in the sentence is a _____: person who insists on traditional correctness.,,,,,,,,,,,letter-p | correct-answer,2,Definitions from SAT Reading and Writing Vocabulary. Example sentence drafted for this app and not yet editor-approved.,approved,draft
purport,purport,purported,verb,,,"claim, often falsely",,"In the passage, things start to purport: they claim, often falsely.","In the passage, things start to _____: they claim, often falsely.",,,,,purported,,,,,,letter-p | wrong-answer,2,Definitions from SAT Reading and Writing Vocabulary. Example sentence drafted for this app and not yet editor-approved.,approved,draft
putatively,putatively,,adverb,,,"supposedly, as is generally assumed",,"The narrator says it happened putatively, which means supposedly, as is generally assumed.","The narrator says it happened _____, which means supposedly, as is generally assumed.",,,,,,,,,,,letter-p | correct-answer,3,Definitions from SAT Reading and Writing Vocabulary. Example sentence drafted for this app and not yet editor-approved.,approved,draft
quaint,quaint,,adverb,,,attractively old-fashioned,,"The narrator says it happened quaint, which means attractively old-fashioned.","The narrator says it happened _____, which means attractively old-fashioned.",,,,,,,literary,,,,letter-q | wrong-answer,2,Definitions from SAT Reading and Writing Vocabulary. Example sentence drafted for this app and not yet editor-approved.,approved,draft
qualm,qualm,qualms,adjective,,,uneasy doubt,,"The text calls it qualm, meaning uneasy doubt.","The text calls it _____, meaning uneasy doubt.",,,,,qualms,,,,,,letter-q | wrong-answer,2,Definitions from SAT Reading and Writing Vocabulary. Example sentence drafted for this app and not yet editor-approved.,approved,draft
quantify,quantify,,verb,,,"measure, express as a number",,"In the passage, things start to quantify: they measure, express as a number.","In the passage, things start to _____: they measure, express as a number.",,,,,,,,,,,letter-q | wrong-answer,2,Definitions from SAT Reading and Writing Vocabulary. Example sentence drafted for this app and not yet editor-approved.,approved,draft
quench,quench,quenched,verb,,,put out (a fire),satisfy (thirst) | a quenched galaxy has stopped forming stars,To quench is to put out.,To _____ is to put out.,,,,,quenched,,,,,,letter-q | correct-answer | multi-sense,2,Definitions from SAT Reading and Writing Vocabulary. Example sentence drafted for this app and not yet editor-approved.,approved,draft
rampant,rampant,,adjective,,,widespread and uncontrolled,,"The text calls it rampant, meaning widespread and uncontrolled.","The text calls it _____, meaning widespread and uncontrolled.",,,,,,,,,,,letter-r | passage-or-stem,2,Definitions from SAT Reading and Writing Vocabulary. Example sentence drafted for this app and not yet editor-approved.,approved,draft
rampart,rampart,,adjective,,,defensive wall,,"The text calls it rampart, meaning defensive wall.","The text calls it _____, meaning defensive wall.",,,,,,,,,,,letter-r | passage-or-stem,2,Definitions from SAT Reading and Writing Vocabulary. Example sentence drafted for this app and not yet editor-approved.,approved,draft
ratify,ratify,,adverb,,,formally approve,,"The narrator says it happened ratify, which means formally approve.","The narrator says it happened _____, which means formally approve.",,,,,,,,,,,letter-r | passage-or-stem,2,Definitions from SAT Reading and Writing Vocabulary. Example sentence drafted for this app and not yet editor-approved.,approved,draft
ravage,ravage,ravaged,verb,,,devastate,,"In the passage, things start to ravage: they devastate.","In the passage, things start to _____: they devastate.",,,,,ravaged,,,,,,letter-r | passage-or-stem,2,Definitions from SAT Reading and Writing Vocabulary. Example sentence drafted for this app and not yet editor-approved.,approved,draft
rebuke,rebuke,rebuked,verb,,,scold sharply,,The writer uses rebuke for a change that will scold sharply.,The writer uses _____ for a change that will scold sharply.,,,,,rebuked,,,,,,letter-r | passage-or-stem,2,Definitions from SAT Reading and Writing Vocabulary. Example sentence drafted for this app and not yet editor-approved.,approved,draft
rebut,rebut,,verb,,,"argue against, disprove",,"In the passage, things start to rebut: they argue against, disprove.","In the passage, things start to _____: they argue against, disprove.",,,,,,,,,,,letter-r | wrong-answer,2,Definitions from SAT Reading and Writing Vocabulary. Example sentence drafted for this app and not yet editor-approved.,approved,draft
recalcitrant,recalcitrant,,adverb,,,stubbornly uncooperative,,"The narrator says it happened recalcitrant, which means stubbornly uncooperative.","The narrator says it happened _____, which means stubbornly uncooperative.",,,,,,,,,,,letter-r | wrong-answer,4,Definitions from SAT Reading and Writing Vocabulary. Example sentence drafted for this app and not yet editor-approved.,approved,draft
recant,recant,,verb,,,take back (a statement or belief),,To recant is to take back.,To _____ is to take back.,,,,,,,,,,,letter-r | wrong-answer,2,Definitions from SAT Reading and Writing Vocabulary. Example sentence drafted for this app and not yet editor-approved.,approved,draft
receptive,receptive,,adjective,,,open to new ideas,,A receptive case is one that is open to new ideas.,A _____ case is one that is open to new ideas.,,,,,,,,,,,letter-r | correct-answer,3,Definitions from SAT Reading and Writing Vocabulary. Example sentence drafted for this app and not yet editor-approved.,approved,draft
reciprocate,reciprocate,reciprocity,verb,,,respond in kind,mutual exchange,To reciprocate is to respond in kind.,To _____ is to respond in kind.,,,,,reciprocity,,,The source also lists noun sense.,,,letter-r | correct-answer | multi-sense,3,Definitions from SAT Reading and Writing Vocabulary. Example sentence drafted for this app and not yet editor-approved.,approved,draft
reconstitute,reconstitute,reconstituted,verb,,,"form again, rebuild",,"To reconstitute is to form again, rebuild.","To _____ is to form again, rebuild.",,,,,reconstituted,,,,,,letter-r | wrong-answer,4,Definitions from SAT Reading and Writing Vocabulary. Example sentence drafted for this app and not yet editor-approved.,approved,draft
recount,recount,,verb,,,"tell, narrate",,"To recount is to tell, narrate.","To _____ is to tell, narrate.",,,,,,,,,,,letter-r | correct-answer,2,Definitions from SAT Reading and Writing Vocabulary. Example sentence drafted for this app and not yet editor-approved.,approved,draft
rectify,rectify,,adjective,,,correct,,"If something is rectify, it is correct.","If something is _____, it is correct.",,,,,,,,,,,letter-r | correct-answer,2,Definitions from SAT Reading and Writing Vocabulary. Example sentence drafted for this app and not yet editor-approved.,approved,draft
reductive,reductive,,adjective,,,oversimplified,,"The text calls it reductive, meaning oversimplified.","The text calls it _____, meaning oversimplified.",,,,,,,,,,,letter-r | passage-or-stem,3,Definitions from SAT Reading and Writing Vocabulary. Example sentence drafted for this app and not yet editor-approved.,approved,draft
redundant,redundant,,adjective,,,unnecessary because repetitive,,"The text calls it redundant, meaning unnecessary because repetitive.","The text calls it _____, meaning unnecessary because repetitive.",,,,,,,,,,,letter-r | wrong-answer,3,Definitions from SAT Reading and Writing Vocabulary. Example sentence drafted for this app and not yet editor-approved.,approved,draft
refrain,refrain,,verb,,,hold back from,a repeated line in a poem or song,"In the passage, things start to refrain: they hold back from.","In the passage, things start to _____: they hold back from.",,,,,,,,The source also lists noun sense.,,,letter-r | wrong-answer | multi-sense,2,Definitions from SAT Reading and Writing Vocabulary. Example sentence drafted for this app and not yet editor-approved.,approved,draft
refute,refute,refutation,verb,,,prove false,,The writer uses refute for a change that will prove false.,The writer uses _____ for a change that will prove false.,,,,,refutation,,,,,,letter-r | wrong-answer,2,Definitions from SAT Reading and Writing Vocabulary. Example sentence drafted for this app and not yet editor-approved.,approved,draft
regal,regal,,adjective,,,"royal, majestic",,"A regal case is one that is royal, majestic.","A _____ case is one that is royal, majestic.",,,,,,,,,,,letter-r | correct-answer,2,Definitions from SAT Reading and Writing Vocabulary. Example sentence drafted for this app and not yet editor-approved.,approved,draft
regimen,regimen,,adjective,,,"systematic plan or routine (for diet, exercise, treatment, or experiments)",,"If something is regimen, it is systematic plan or routine.","If something is _____, it is systematic plan or routine.",,,,,,,,,,,letter-r | wrong-answer,2,Definitions from SAT Reading and Writing Vocabulary. Example sentence drafted for this app and not yet editor-approved.,approved,draft
rejuvenate,rejuvenate,rejuvenating,verb,,,restore youth or energy,,To rejuvenate is to restore youth or energy.,To _____ is to restore youth or energy.,,,,,rejuvenating,,,,,,letter-r | wrong-answer,3,Definitions from SAT Reading and Writing Vocabulary. Example sentence drafted for this app and not yet editor-approved.,approved,draft
relinquish,relinquish,,verb,,,give up,,"In the passage, things start to relinquish: they give up.","In the passage, things start to _____: they give up.",,,,,,,,,,,letter-r | passage-or-stem,3,Definitions from SAT Reading and Writing Vocabulary. Example sentence drafted for this app and not yet editor-approved.,approved,draft
reminisce,reminisce,reminiscence,verb,,,recall past experiences,,The writer uses reminisce for a change that will recall past experiences.,The writer uses _____ for a change that will recall past experiences.,,,,,reminiscence,,,,,,letter-r | wrong-answer,3,Definitions from SAT Reading and Writing Vocabulary. Example sentence drafted for this app and not yet editor-approved.,approved,draft
reminiscent,reminiscent,,verb,,,suggesting something similar,,"In the passage, things start to reminiscent: they suggesting something similar.","In the passage, things start to _____: they suggesting something similar.",,,,,,,,,,,letter-r | passage-or-stem,3,Definitions from SAT Reading and Writing Vocabulary. Example sentence drafted for this app and not yet editor-approved.,approved,draft
render,render,rendered,verb,,,"make, cause to be",depict,"In the passage, things start to render: they make, cause to be.","In the passage, things start to _____: they make, cause to be.",,,,,rendered,,,,,,letter-r | wrong-answer | multi-sense,2,Definitions from SAT Reading and Writing Vocabulary. Example sentence drafted for this app and not yet editor-approved.,approved,draft
rendition,rendition,,noun,,,"performance, interpretation",,"The passage refers to a rendition, performance, interpretation.","The passage refers to a _____, performance, interpretation.",,,,,,,,,,,letter-r | passage-or-stem,3,Definitions from SAT Reading and Writing Vocabulary. Example sentence drafted for this app and not yet editor-approved.,approved,draft
renounce,renounce,renunciation,adverb,,,formally give up,,"The narrator says it happened renounce, which means formally give up.","The narrator says it happened _____, which means formally give up.",,,,,renunciation,,,,,,letter-r | wrong-answer,2,Definitions from SAT Reading and Writing Vocabulary. Example sentence drafted for this app and not yet editor-approved.,approved,draft
repertoire,repertoire,,noun,,,range of works or skills a person can perform,,"The passage refers to a repertoire, range of works or skills a person can perform.","The passage refers to a _____, range of works or skills a person can perform.",,,,,,,,,,,letter-r | passage-or-stem,3,Definitions from SAT Reading and Writing Vocabulary. Example sentence drafted for this app and not yet editor-approved.,approved,draft
replenish,replenish,,verb,,,"refill, restore",,"The writer uses replenish for a change that will refill, restore.","The writer uses _____ for a change that will refill, restore.",,,,,,,,,,,letter-r | correct-answer,3,Definitions from SAT Reading and Writing Vocabulary. Example sentence drafted for this app and not yet editor-approved.,approved,draft
replicate,replicate,replicable,verb,,,"reproduce, repeat (an experiment)",,"The writer uses replicate for a change that will reproduce, repeat.","The writer uses _____ for a change that will reproduce, repeat.",,,,,replicable,,,,,,letter-r | wrong-answer,3,Definitions from SAT Reading and Writing Vocabulary. Example sentence drafted for this app and not yet editor-approved.,approved,draft
repose,repose,,noun,,,rest,,"The passage refers to a repose, rest.","The passage refers to a _____, rest.",,,,,,,,,,,letter-r | passage-or-stem,2,Definitions from SAT Reading and Writing Vocabulary. Example sentence drafted for this app and not yet editor-approved.,approved,draft
repressed,repressed,,verb,,,"held back, restrained",,"The writer uses repressed for a change that will held back, restrained.","The writer uses _____ for a change that will held back, restrained.",,,,,,,,,,,letter-r | wrong-answer,3,Definitions from SAT Reading and Writing Vocabulary. Example sentence drafted for this app and not yet editor-approved.,approved,draft
reprieve,reprieve,,adjective,,,temporary relief,,"If something is reprieve, it is temporary relief.","If something is _____, it is temporary relief.",,,,,,,,,,,letter-r | wrong-answer,2,Definitions from SAT Reading and Writing Vocabulary. Example sentence drafted for this app and not yet editor-approved.,approved,draft
reprise,reprise,,verb,,,repeat (a performance or theme),,To reprise is to repeat.,To _____ is to repeat.,,,,,,,,,,,letter-r | passage-or-stem,2,Definitions from SAT Reading and Writing Vocabulary. Example sentence drafted for this app and not yet editor-approved.,approved,draft
repudiate,repudiate,repudiation,verb,,,reject or deny,,To repudiate is to reject or deny.,To _____ is to reject or deny.,,,,,repudiation,,,,,,letter-r | correct-answer,3,Definitions from SAT Reading and Writing Vocabulary. Example sentence drafted for this app and not yet editor-approved.,approved,draft
resilient,resilient,resilience,adjective,,,able to recover quickly,,"If something is resilient, it is able to recover quickly.","If something is _____, it is able to recover quickly.",,,,,resilience,,,,,,letter-r | wrong-answer,3,Definitions from SAT Reading and Writing Vocabulary. Example sentence drafted for this app and not yet editor-approved.,approved,draft
restive,restive,,adjective,,,"restless, uneasy",,"The text calls it restive, meaning restless, uneasy.","The text calls it _____, meaning restless, uneasy.",,,,,,,,,,,letter-r | passage-or-stem,2,Definitions from SAT Reading and Writing Vocabulary. Example sentence drafted for this app and not yet editor-approved.,approved,draft
retaliate,retaliate,,verb,,,strike back,,The writer uses retaliate for a change that will strike back.,The writer uses _____ for a change that will strike back.,,,,,,,,,,,letter-r | wrong-answer,3,Definitions from SAT Reading and Writing Vocabulary. Example sentence drafted for this app and not yet editor-approved.,approved,draft
reticent,reticent,,adjective,,,"reserved, reluctant to speak",,"The text calls it reticent, meaning reserved, reluctant to speak.","The text calls it _____, meaning reserved, reluctant to speak.",,,,,,,,,,,letter-r | passage-or-stem,2,Definitions from SAT Reading and Writing Vocabulary. Example sentence drafted for this app and not yet editor-approved.,approved,draft
retrograde,retrograde,,adjective,,,moving backward,returning to a worse state,"If something is retrograde, it is moving backward.","If something is _____, it is moving backward.",,,,,,,,,,,letter-r | wrong-answer | multi-sense,3,Definitions from SAT Reading and Writing Vocabulary. Example sentence drafted for this app and not yet editor-approved.,approved,draft
retrospective,retrospective,,adjective,,,looking back on the past,,A retrospective case is one that is looking back on the past.,A _____ case is one that is looking back on the past.,,,,,,,,,,,letter-r | wrong-answer,4,Definitions from SAT Reading and Writing Vocabulary. Example sentence drafted for this app and not yet editor-approved.,approved,draft
revel,revel,reveled,verb,,,take great pleasure,,The writer uses revel for a change that will take great pleasure.,The writer uses _____ for a change that will take great pleasure.,,,,,reveled,,,,,,letter-r | passage-or-stem,2,Definitions from SAT Reading and Writing Vocabulary. Example sentence drafted for this app and not yet editor-approved.,approved,draft
reverberation,reverberation,,verb,,,echo,lasting effect,To reverberation is to echo.,To _____ is to echo.,,,,,,,,,,,letter-r | correct-answer | multi-sense,4,Definitions from SAT Reading and Writing Vocabulary. Example sentence drafted for this app and not yet editor-approved.,approved,draft
revere,revere,revered | reverence,adverb,,,deeply respect,,"The narrator says it happened revere, which means deeply respect.","The narrator says it happened _____, which means deeply respect.",,,,,revered | reverence,,,,,,letter-r | passage-or-stem,2,Definitions from SAT Reading and Writing Vocabulary. Example sentence drafted for this app and not yet editor-approved.,approved,draft
rhetoric,rhetoric,,adjective,,,"persuasive language, sometimes insincere",,"A rhetoric case is one that is persuasive language, sometimes insincere.","A _____ case is one that is persuasive language, sometimes insincere.",,,,,,,,,,,letter-r | passage-or-stem,2,Definitions from SAT Reading and Writing Vocabulary. Example sentence drafted for this app and not yet editor-approved.,approved,draft
rigorous,rigorous,,adjective,,,thorough and strict,,A rigorous case is one that is thorough and strict.,A _____ case is one that is thorough and strict.,,,,,,,,,,,letter-r | wrong-answer,2,Definitions from SAT Reading and Writing Vocabulary. Example sentence drafted for this app and not yet editor-approved.,approved,draft
robust,robust,,adjective,,,"strong, sturdy",,"The text calls it robust, meaning strong, sturdy.","The text calls it _____, meaning strong, sturdy.",,,,,,,,,,,letter-r | wrong-answer,2,Definitions from SAT Reading and Writing Vocabulary. Example sentence drafted for this app and not yet editor-approved.,approved,draft
rousing,rousing,,adjective,,,"exciting, stirring",,"A rousing case is one that is exciting, stirring.","A _____ case is one that is exciting, stirring.",,,,,,,,,,,letter-r | correct-answer,2,Definitions from SAT Reading and Writing Vocabulary. Example sentence drafted for this app and not yet editor-approved.,approved,draft
rudimentary,rudimentary,,adjective,,,basic,,"The text calls it rudimentary, meaning basic.","The text calls it _____, meaning basic.",,,,,,,,,,,letter-r | correct-answer,3,Definitions from SAT Reading and Writing Vocabulary. Example sentence drafted for this app and not yet editor-approved.,approved,draft
rustic,rustic,,adjective,,,"rural, simple",,"A rustic case is one that is rural, simple.","A _____ case is one that is rural, simple.",,,,,,,,,,,letter-r | passage-or-stem,2,Definitions from SAT Reading and Writing Vocabulary. Example sentence drafted for this app and not yet editor-approved.,approved,draft
salient,salient,,adjective,,,most noticeable or important,,"The text calls it salient, meaning most noticeable or important.","The text calls it _____, meaning most noticeable or important.",,,,,,,,,,,letter-s | passage-or-stem,2,Definitions from SAT Reading and Writing Vocabulary. Example sentence drafted for this app and not yet editor-approved.,approved,draft
sanctity,sanctity,,noun,,,holiness,the state of being inviolable,What matters in the sentence is a sanctity: holiness.,What matters in the sentence is a _____: holiness.,,,,,,,,,,,letter-s | passage-or-stem | multi-sense,2,Definitions from SAT Reading and Writing Vocabulary. Example sentence drafted for this app and not yet editor-approved.,approved,draft
sanguine,sanguine,,adjective,,,optimistic,,"If something is sanguine, it is optimistic.","If something is _____, it is optimistic.",,,,,,,,,,,letter-s | correct-answer,2,Definitions from SAT Reading and Writing Vocabulary. Example sentence drafted for this app and not yet editor-approved.,approved,draft
sartorial,sartorial,,verb,,,relating to clothing,,"In the passage, things start to sartorial: they relating to clothing.","In the passage, things start to _____: they relating to clothing.",,,,,,,,,,,letter-s | passage-or-stem,3,Definitions from SAT Reading and Writing Vocabulary. Example sentence drafted for this app and not yet editor-approved.,approved,draft
satire,satire,satirical | satiric,noun,,,mockery through humor or exaggeration,,What matters in the sentence is a satire: mockery through humor or exaggeration.,What matters in the sentence is a _____: mockery through humor or exaggeration.,,,,,satirical | satiric,,,,,,letter-s | wrong-answer,2,Definitions from SAT Reading and Writing Vocabulary. Example sentence drafted for this app and not yet editor-approved.,approved,draft
savant,savant,,adjective,,,learned person,,"If something is savant, it is learned person.","If something is _____, it is learned person.",,,,,,,,,,,letter-s | passage-or-stem,2,Definitions from SAT Reading and Writing Vocabulary. Example sentence drafted for this app and not yet editor-approved.,approved,draft
scorn,scorn,,noun,,,contempt,,"Readers meet a scorn, meaning contempt.","Readers meet a _____, meaning contempt.",,,,,,,,,,,letter-s | passage-or-stem,2,Definitions from SAT Reading and Writing Vocabulary. Example sentence drafted for this app and not yet editor-approved.,approved,draft
scrupulous,scrupulous,scrupulously | unscrupulous,adjective,,,very careful and honest / without moral principles,,"The text calls it scrupulous, meaning very careful and honest / without moral principles.","The text calls it _____, meaning very careful and honest / without moral principles.",,,,,scrupulously | unscrupulous,,,,,,letter-s | wrong-answer,3,Definitions from SAT Reading and Writing Vocabulary. Example sentence drafted for this app and not yet editor-approved.,approved,draft
scrutinize,scrutinize,scrutiny,verb,,,examine closely,,"In the passage, things start to scrutinize: they examine closely.","In the passage, things start to _____: they examine closely.",,,,,scrutiny,,,,,,letter-s | wrong-answer,3,Definitions from SAT Reading and Writing Vocabulary. Example sentence drafted for this app and not yet editor-approved.,approved,draft
seclusion,seclusion,,noun,,,isolation,,"Readers meet a seclusion, meaning isolation.","Readers meet a _____, meaning isolation.",,,,,,,,,,,letter-s | wrong-answer,3,Definitions from SAT Reading and Writing Vocabulary. Example sentence drafted for this app and not yet editor-approved.,approved,draft
secular,secular,,adjective,,,not religious,,"If something is secular, it is not religious.","If something is _____, it is not religious.",,,,,,,,,,,letter-s | passage-or-stem,2,Definitions from SAT Reading and Writing Vocabulary. Example sentence drafted for this app and not yet editor-approved.,approved,draft
seldom,seldom,,adverb,,,rarely,,"The narrator says it happened seldom, which means rarely.","The narrator says it happened _____, which means rarely.",,,,,,,,,,,letter-s | passage-or-stem,2,Definitions from SAT Reading and Writing Vocabulary. Example sentence drafted for this app and not yet editor-approved.,approved,draft
sequester,sequester,sequestered,verb,,,isolate,,To sequester is to isolate.,To _____ is to isolate.,,,,,sequestered,,,,,,letter-s | passage-or-stem,3,Definitions from SAT Reading and Writing Vocabulary. Example sentence drafted for this app and not yet editor-approved.,approved,draft
serene,serene,,verb,,,"calm, peaceful",,"The writer uses serene for a change that will calm, peaceful.","The writer uses _____ for a change that will calm, peaceful.",,,,,,,,,,,letter-s | wrong-answer,2,Definitions from SAT Reading and Writing Vocabulary. Example sentence drafted for this app and not yet editor-approved.,approved,draft
sheer,sheer,,adjective,,,"utter, complete",very steep,"The text calls it sheer, meaning utter, complete.","The text calls it _____, meaning utter, complete.",,,,,,,,,,,letter-s | correct-answer | multi-sense,2,Definitions from SAT Reading and Writing Vocabulary. Example sentence drafted for this app and not yet editor-approved.,approved,draft
shrewd,shrewd,,adjective,,,"clever, sharp in judgment",,"A shrewd case is one that is clever, sharp in judgment.","A _____ case is one that is clever, sharp in judgment.",,,,,,,,,,,letter-s | wrong-answer,2,Definitions from SAT Reading and Writing Vocabulary. Example sentence drafted for this app and not yet editor-approved.,approved,draft
shroud,shroud,shrouded,noun,,,"burial cloth, covering","cover, conceal","Readers meet a shroud, meaning burial cloth, covering.","Readers meet a _____, meaning burial cloth, covering.",,,,,shrouded,,,The source also lists verb sense.,,,letter-s | passage-or-stem | multi-sense,2,Definitions from SAT Reading and Writing Vocabulary. Example sentence drafted for this app and not yet editor-approved.,approved,draft
signatory,signatory,,noun,,,one who signs an agreement,,"Readers meet a signatory, meaning one who signs an agreement.","Readers meet a _____, meaning one who signs an agreement.",,,,,,,,,,,letter-s | wrong-answer,3,Definitions from SAT Reading and Writing Vocabulary. Example sentence drafted for this app and not yet editor-approved.,approved,draft
simplistic,simplistic,,adjective,,,oversimplified,,"If something is simplistic, it is oversimplified.","If something is _____, it is oversimplified.",,,,,,,,,,,letter-s | correct-answer,3,Definitions from SAT Reading and Writing Vocabulary. Example sentence drafted for this app and not yet editor-approved.,approved,draft
singular,singular,singularly,adjective,,,"remarkable, extraordinary",unique,"The text calls it singular, meaning remarkable, extraordinary.","The text calls it _____, meaning remarkable, extraordinary.",,,,,singularly,,,,,,letter-s | passage-or-stem | multi-sense,2,Definitions from SAT Reading and Writing Vocabulary. Example sentence drafted for this app and not yet editor-approved.,approved,draft
skeptical,skeptical,skepticism,adjective,,,"doubtful, questioning",,"If something is skeptical, it is doubtful, questioning.","If something is _____, it is doubtful, questioning.",,,,,skepticism,,,,,,letter-s | wrong-answer,3,Definitions from SAT Reading and Writing Vocabulary. Example sentence drafted for this app and not yet editor-approved.,approved,draft
slovenly,slovenly,,adjective,,,"messy, careless",,"The text calls it slovenly, meaning messy, careless.","The text calls it _____, meaning messy, careless.",,,,,,,,,,,letter-s | passage-or-stem,2,Definitions from SAT Reading and Writing Vocabulary. Example sentence drafted for this app and not yet editor-approved.,approved,draft
slumber,slumber,slumbrous,verb,,,sleep,sleepy,To slumber is to sleep.,To _____ is to sleep.,,,,,slumbrous,,,The source also lists adjective sense.,,,letter-s | passage-or-stem | multi-sense,2,Definitions from SAT Reading and Writing Vocabulary. Example sentence drafted for this app and not yet editor-approved.,approved,draft
smolder,smolder,smouldering,verb,,,burn slowly without flame,feel hidden emotion,The writer uses smolder for a change that will burn slowly without flame.,The writer uses _____ for a change that will burn slowly without flame.,,,,,smouldering,,,,,,letter-s | wrong-answer | multi-sense,2,Definitions from SAT Reading and Writing Vocabulary. Example sentence drafted for this app and not yet editor-approved.,approved,draft
solemn,solemn,,adjective,,,"serious, formal",,"The text calls it solemn, meaning serious, formal.","The text calls it _____, meaning serious, formal.",,,,,,,,,,,letter-s | passage-or-stem,2,Definitions from SAT Reading and Writing Vocabulary. Example sentence drafted for this app and not yet editor-approved.,approved,draft
sordid,sordid,,adjective,,,dirty,immoral,A sordid case is one that is dirty.,A _____ case is one that is dirty.,,,,,,,,,,,letter-s | wrong-answer | multi-sense,2,Definitions from SAT Reading and Writing Vocabulary. Example sentence drafted for this app and not yet editor-approved.,approved,draft
sparingly,sparingly,,adverb,,,in small amounts,,"The narrator says it happened sparingly, which means in small amounts.","The narrator says it happened _____, which means in small amounts.",,,,,,,,,,,letter-s | passage-or-stem,3,Definitions from SAT Reading and Writing Vocabulary. Example sentence drafted for this app and not yet editor-approved.,approved,draft
sparse,sparse,,adverb,,,thinly scattered,,"The narrator says it happened sparse, which means thinly scattered.","The narrator says it happened _____, which means thinly scattered.",,,,,,,,,,,letter-s | passage-or-stem,2,Definitions from SAT Reading and Writing Vocabulary. Example sentence drafted for this app and not yet editor-approved.,approved,draft
spate,spate,,adjective,,,sudden series,,"The text calls it spate, meaning sudden series.","The text calls it _____, meaning sudden series.",,,,,,,,,,,letter-s | passage-or-stem,2,Definitions from SAT Reading and Writing Vocabulary. Example sentence drafted for this app and not yet editor-approved.,approved,draft
spearhead,spearhead,,verb,,,lead,,The writer uses spearhead for a change that will lead.,The writer uses _____ for a change that will lead.,,,,,,,,,,,letter-s | passage-or-stem,3,Definitions from SAT Reading and Writing Vocabulary. Example sentence drafted for this app and not yet editor-approved.,approved,draft
sporadic,sporadic,,adjective,,,"occasional, irregular",,"A sporadic case is one that is occasional, irregular.","A _____ case is one that is occasional, irregular.",,,,,,,,,,,letter-s | passage-or-stem,2,Definitions from SAT Reading and Writing Vocabulary. Example sentence drafted for this app and not yet editor-approved.,approved,draft
spur,spur,,verb,,,"encourage, prompt",an incentive,"In the passage, things start to spur: they encourage, prompt.","In the passage, things start to _____: they encourage, prompt.",,,,,,,,The source also lists noun sense.,,,letter-s | wrong-answer | multi-sense,2,Definitions from SAT Reading and Writing Vocabulary. Example sentence drafted for this app and not yet editor-approved.,approved,draft
spurious,spurious,,adjective,,,false,,A spurious case is one that is false.,A _____ case is one that is false.,,,,,,,,,,,letter-s | wrong-answer,2,Definitions from SAT Reading and Writing Vocabulary. Example sentence drafted for this app and not yet editor-approved.,approved,draft
squander,squander,squandered,verb,,,waste,,The writer uses squander for a change that will waste.,The writer uses _____ for a change that will waste.,,,,,squandered,,,,,,letter-s | wrong-answer,2,Definitions from SAT Reading and Writing Vocabulary. Example sentence drafted for this app and not yet editor-approved.,approved,draft
stagnant,stagnant,,adjective,,,not moving,not developing,"If something is stagnant, it is not moving.","If something is _____, it is not moving.",,,,,,,,,,,letter-s | passage-or-stem | multi-sense,2,Definitions from SAT Reading and Writing Vocabulary. Example sentence drafted for this app and not yet editor-approved.,approved,draft
stalwart,stalwart,,adjective,,,"sturdy, strong",loyal and reliable,"The text calls it stalwart, meaning sturdy, strong.","The text calls it _____, meaning sturdy, strong.",,,,,,,,,,,letter-s | passage-or-stem | multi-sense,2,Definitions from SAT Reading and Writing Vocabulary. Example sentence drafted for this app and not yet editor-approved.,approved,draft
stark,stark,starkly,adjective,,,"severe, bare",sharply clear,"A stark case is one that is severe, bare.","A _____ case is one that is severe, bare.",,,,,starkly,,,,,,letter-s | wrong-answer | multi-sense,2,Definitions from SAT Reading and Writing Vocabulary. Example sentence drafted for this app and not yet editor-approved.,approved,draft
stately,stately,,adjective,,,"dignified, grand",,"A stately case is one that is dignified, grand.","A _____ case is one that is dignified, grand.",,,,,,,,,,,letter-s | passage-or-stem,2,Definitions from SAT Reading and Writing Vocabulary. Example sentence drafted for this app and not yet editor-approved.,approved,draft
staunch,staunch,,adjective,,,"loyal, firm",,"If something is staunch, it is loyal, firm.","If something is _____, it is loyal, firm.",,,,,,,,,,,letter-s | passage-or-stem,2,Definitions from SAT Reading and Writing Vocabulary. Example sentence drafted for this app and not yet editor-approved.,approved,draft
stifle,stifle,stifling,verb,,,suppress,suffocating,"In the passage, things start to stifle: they suppress.","In the passage, things start to _____: they suppress.",,,,,stifling,,,The source also lists adjective sense.,,,letter-s | passage-or-stem | multi-sense,2,Definitions from SAT Reading and Writing Vocabulary. Example sentence drafted for this app and not yet editor-approved.,approved,draft
strata,strata,,noun,,,layers,,What matters in the sentence is a strata: layers.,What matters in the sentence is a _____: layers.,,,,,,,,,,,letter-s | passage-or-stem,2,Definitions from SAT Reading and Writing Vocabulary. Example sentence drafted for this app and not yet editor-approved.,approved,draft
strenuous,strenuous,strenuously,verb,,,requiring great effort,vigorously,To strenuous is to requiring great effort.,To _____ is to requiring great effort.,,,,,strenuously,,,The source also lists adverb sense.,,,letter-s | wrong-answer | multi-sense,3,Definitions from SAT Reading and Writing Vocabulary. Example sentence drafted for this app and not yet editor-approved.,approved,draft
stringent,stringent,stringently,adjective,,,strict,,"The text calls it stringent, meaning strict.","The text calls it _____, meaning strict.",,,,,stringently,,,,,,letter-s | passage-or-stem,3,Definitions from SAT Reading and Writing Vocabulary. Example sentence drafted for this app and not yet editor-approved.,approved,draft
stymie,stymie,,verb,,,block or hinder,,The writer uses stymie for a change that will block or hinder.,The writer uses _____ for a change that will block or hinder.,,,,,,,,,,,letter-s | correct-answer,2,Definitions from SAT Reading and Writing Vocabulary. Example sentence drafted for this app and not yet editor-approved.,approved,draft
subdue,subdue,,verb,,,"overcome, bring under control",,"The writer uses subdue for a change that will overcome, bring under control.","The writer uses _____ for a change that will overcome, bring under control.",,,,,,,,,,,letter-s | passage-or-stem,2,Definitions from SAT Reading and Writing Vocabulary. Example sentence drafted for this app and not yet editor-approved.,approved,draft
subservience,subservience,,adjective,,,excessive willingness to obey,,A subservience case is one that is excessive willingness to obey.,A _____ case is one that is excessive willingness to obey.,,,,,,,,,,,letter-s | passage-or-stem,4,Definitions from SAT Reading and Writing Vocabulary. Example sentence drafted for this app and not yet editor-approved.,approved,draft
subside,subside,,verb,,,become less intense,,The writer uses subside for a change that will become less intense.,The writer uses _____ for a change that will become less intense.,,,,,,,,,,,letter-s | wrong-answer,2,Definitions from SAT Reading and Writing Vocabulary. Example sentence drafted for this app and not yet editor-approved.,approved,draft
subsist,subsist,subsistence,verb,,,survive with minimal resources,,"In the passage, things start to subsist: they survive with minimal resources.","In the passage, things start to _____: they survive with minimal resources.",,,,,subsistence,,,,,,letter-s | correct-answer,2,Definitions from SAT Reading and Writing Vocabulary. Example sentence drafted for this app and not yet editor-approved.,approved,draft
substantiate,substantiate,,verb,,,support with proof,,To substantiate is to support with proof.,To _____ is to support with proof.,,,,,,,,,,,letter-s | wrong-answer,4,Definitions from SAT Reading and Writing Vocabulary. Example sentence drafted for this app and not yet editor-approved.,approved,draft
subsume,subsume,subsumed,verb,,,include within something larger,,To subsume is to include within something larger.,To _____ is to include within something larger.,,,,,subsumed,,,,,,letter-s | wrong-answer,2,Definitions from SAT Reading and Writing Vocabulary. Example sentence drafted for this app and not yet editor-approved.,approved,draft
subterranean,subterranean,,adjective,,,underground,,"The text calls it subterranean, meaning underground.","The text calls it _____, meaning underground.",,,,,,,,,,,letter-s | passage-or-stem,4,Definitions from SAT Reading and Writing Vocabulary. Example sentence drafted for this app and not yet editor-approved.,approved,draft
subvert,subvert,subversive,verb,,,undermine (authority or a system),,To subvert is to undermine.,To _____ is to undermine.,,,,,subversive,,,,,,letter-s | wrong-answer,2,Definitions from SAT Reading and Writing Vocabulary. Example sentence drafted for this app and not yet editor-approved.,approved,draft
succinct,succinct,succinctly,adjective,,,brief and clear,,A succinct case is one that is brief and clear.,A _____ case is one that is brief and clear.,,,,,succinctly,,,,,,letter-s | wrong-answer,2,Definitions from SAT Reading and Writing Vocabulary. Example sentence drafted for this app and not yet editor-approved.,approved,draft
succumb,succumb,,verb,,,give in,,To succumb is to give in.,To _____ is to give in.,,,,,,,,,,,letter-s | wrong-answer,2,Definitions from SAT Reading and Writing Vocabulary. Example sentence drafted for this app and not yet editor-approved.,approved,draft
suitor,suitor,,noun,,,man courting a woman,,"The passage refers to a suitor, man courting a woman.","The passage refers to a _____, man courting a woman.",,,,,,,,,,,letter-s | passage-or-stem,2,Definitions from SAT Reading and Writing Vocabulary. Example sentence drafted for this app and not yet editor-approved.,approved,draft
summation,summation,,noun,,,summary,,"The passage refers to a summation, summary.","The passage refers to a _____, summary.",,,,,,,,,,,letter-s | wrong-answer,3,Definitions from SAT Reading and Writing Vocabulary. Example sentence drafted for this app and not yet editor-approved.,approved,draft
superficial,superficial,,adjective,,,"shallow, on the surface only",,"The text calls it superficial, meaning shallow, on the surface only.","The text calls it _____, meaning shallow, on the surface only.",,,,,,,,,,,letter-s | wrong-answer,3,Definitions from SAT Reading and Writing Vocabulary. Example sentence drafted for this app and not yet editor-approved.,approved,draft
supersede,supersede,superseded,verb,,,replace with something newer,,"In the passage, things start to supersede: they replace with something newer.","In the passage, things start to _____: they replace with something newer.",,,,,superseded,,,,,,letter-s | correct-answer,3,Definitions from SAT Reading and Writing Vocabulary. Example sentence drafted for this app and not yet editor-approved.,approved,draft
supplant,supplant,,verb,,,replace,,"In the passage, things start to supplant: they replace.","In the passage, things start to _____: they replace.",,,,,,,,,,,letter-s | passage-or-stem,2,Definitions from SAT Reading and Writing Vocabulary. Example sentence drafted for this app and not yet editor-approved.,approved,draft
supposition,supposition,,noun,,,assumption not yet proven,,"The passage refers to a supposition, assumption not yet proven.","The passage refers to a _____, assumption not yet proven.",,,,,,,,,,,letter-s | correct-answer,3,Definitions from SAT Reading and Writing Vocabulary. Example sentence drafted for this app and not yet editor-approved.,approved,draft
surmise,surmise,surmised,verb,,,guess from little evidence,,To surmise is to guess from little evidence.,To _____ is to guess from little evidence.,,,,,surmised,,,,,,letter-s | correct-answer,2,Definitions from SAT Reading and Writing Vocabulary. Example sentence drafted for this app and not yet editor-approved.,approved,draft
surreptitious,surreptitious,surreptitiously,adjective,,,"secret, stealthy",,"If something is surreptitious, it is secret, stealthy.","If something is _____, it is secret, stealthy.",,,,,surreptitiously,,,,,,letter-s | correct-answer,4,Definitions from SAT Reading and Writing Vocabulary. Example sentence drafted for this app and not yet editor-approved.,approved,draft
susceptible,susceptible,susceptibility,adverb,,,easily affected or influenced,,"The narrator says it happened susceptible, which means easily affected or influenced.","The narrator says it happened _____, which means easily affected or influenced.",,,,,susceptibility,,,,,,letter-s | wrong-answer,3,Definitions from SAT Reading and Writing Vocabulary. Example sentence drafted for this app and not yet editor-approved.,approved,draft
swath,swath,swaths,adjective,,,wide strip or area,,A swath case is one that is wide strip or area.,A _____ case is one that is wide strip or area.,,,,,swaths,,,,,,letter-s | passage-or-stem,2,Definitions from SAT Reading and Writing Vocabulary. Example sentence drafted for this app and not yet editor-approved.,approved,draft
swathe,swathe,swathed,verb,,,wrap,,To swathe is to wrap.,To _____ is to wrap.,,,,,swathed,,,,,,letter-s | passage-or-stem,2,Definitions from SAT Reading and Writing Vocabulary. Example sentence drafted for this app and not yet editor-approved.,approved,draft
swoon,swoon,,adjective,,,faint from emotion,be overcome with delight,"If something is swoon, it is faint from emotion.","If something is _____, it is faint from emotion.",,,,,,,,,,,letter-s | passage-or-stem | multi-sense,2,Definitions from SAT Reading and Writing Vocabulary. Example sentence drafted for this app and not yet editor-approved.,approved,draft
symbiotic,symbiotic,,adverb,,,mutually beneficial,,"The narrator says it happened symbiotic, which means mutually beneficial.","The narrator says it happened _____, which means mutually beneficial.",,,,,,,,,,,letter-s | passage-or-stem,3,Definitions from SAT Reading and Writing Vocabulary. Example sentence drafted for this app and not yet editor-approved.,approved,draft
synopsis,synopsis,,noun,,,summary,,What matters in the sentence is a synopsis: summary.,What matters in the sentence is a _____: summary.,,,,,,,,,,,letter-s | wrong-answer,2,Definitions from SAT Reading and Writing Vocabulary. Example sentence drafted for this app and not yet editor-approved.,approved,draft
tact,tact,,noun,,,sensitivity in dealing with others,,"The passage refers to a tact, sensitivity in dealing with others.","The passage refers to a _____, sensitivity in dealing with others.",,,,,,,,,,,letter-t | wrong-answer,2,Definitions from SAT Reading and Writing Vocabulary. Example sentence drafted for this app and not yet editor-approved.,approved,draft
tangential,tangential,,adjective,,,only slightly related,,A tangential case is one that is only slightly related.,A _____ case is one that is only slightly related.,,,,,,,,,,,letter-t | wrong-answer,3,Definitions from SAT Reading and Writing Vocabulary. Example sentence drafted for this app and not yet editor-approved.,approved,draft
tangible,tangible,,adjective,,,able to be touched,real,A tangible case is one that is able to be touched.,A _____ case is one that is able to be touched.,,,,,,,,,,,letter-t | wrong-answer | multi-sense,2,Definitions from SAT Reading and Writing Vocabulary. Example sentence drafted for this app and not yet editor-approved.,approved,draft
tedious,tedious,,adjective,,,boring and tiresome,,"The text calls it tedious, meaning boring and tiresome.","The text calls it _____, meaning boring and tiresome.",,,,,,,,,,,letter-t | wrong-answer,2,Definitions from SAT Reading and Writing Vocabulary. Example sentence drafted for this app and not yet editor-approved.,approved,draft
temperament,temperament,temperamental,noun,,,"nature, character",moody,"Readers meet a temperament, meaning nature, character.","Readers meet a _____, meaning nature, character.",,,,,temperamental,,,The source also lists adjective sense.,,,letter-t | passage-or-stem | multi-sense,3,Definitions from SAT Reading and Writing Vocabulary. Example sentence drafted for this app and not yet editor-approved.,approved,draft
temperate,temperate,,adjective,,,mild (climate or behavior),restrained,"The text calls it temperate, meaning mild.","The text calls it _____, meaning mild.",,,,,,,,,,,letter-t | correct-answer | multi-sense,3,Definitions from SAT Reading and Writing Vocabulary. Example sentence drafted for this app and not yet editor-approved.,approved,draft
tempest,tempest,,adjective,,,violent storm,,"If something is tempest, it is violent storm.","If something is _____, it is violent storm.",,,,,,,,,,,letter-t | wrong-answer,2,Definitions from SAT Reading and Writing Vocabulary. Example sentence drafted for this app and not yet editor-approved.,approved,draft
temporal,temporal,,verb,,,relating to time,,To temporal is to relating to time.,To _____ is to relating to time.,,,,,,,,,,,letter-t | passage-or-stem,2,Definitions from SAT Reading and Writing Vocabulary. Example sentence drafted for this app and not yet editor-approved.,approved,draft
tenet,tenet,,noun,,,"principle, belief",,"Readers meet a tenet, meaning principle, belief.","Readers meet a _____, meaning principle, belief.",,,,,,,,,,,letter-t | correct-answer,2,Definitions from SAT Reading and Writing Vocabulary. Example sentence drafted for this app and not yet editor-approved.,approved,draft
tenuous,tenuous,,adjective,,,"weak, flimsy",,"The text calls it tenuous, meaning weak, flimsy.","The text calls it _____, meaning weak, flimsy.",,,,,,,,,,,letter-t | correct-answer,2,Definitions from SAT Reading and Writing Vocabulary. Example sentence drafted for this app and not yet editor-approved.,approved,draft
terrestrial,terrestrial,,adjective,,,of the earth or land,,"The text calls it terrestrial, meaning of the earth or land.","The text calls it _____, meaning of the earth or land.",,,,,,,,,,,letter-t | wrong-answer,3,Definitions from SAT Reading and Writing Vocabulary. Example sentence drafted for this app and not yet editor-approved.,approved,draft
testament,testament,,noun,,,"evidence, proof",,"What matters in the sentence is a testament: evidence, proof.","What matters in the sentence is a _____: evidence, proof.",,,,,,,,,,,letter-t | passage-or-stem,3,Definitions from SAT Reading and Writing Vocabulary. Example sentence drafted for this app and not yet editor-approved.,approved,draft
thereby,thereby,,adverb,,,by that means,,"The narrator says it happened thereby, which means by that means.","The narrator says it happened _____, which means by that means.",,,,,,,,,,,letter-t | wrong-answer,2,Definitions from SAT Reading and Writing Vocabulary. Example sentence drafted for this app and not yet editor-approved.,approved,draft
throng,throng,thronged,verb,,,crowd,fill with a crowd,The writer uses throng for a change that will crowd.,The writer uses _____ for a change that will crowd.,,,,,thronged,,,The source also lists verb sense.,,,letter-t | passage-or-stem | multi-sense,2,Definitions from SAT Reading and Writing Vocabulary. Example sentence drafted for this app and not yet editor-approved.,approved,draft
thwart,thwart,,verb,,,"prevent, frustrate",,"The writer uses thwart for a change that will prevent, frustrate.","The writer uses _____ for a change that will prevent, frustrate.",,,,,,,,,,,letter-t | correct-answer,2,Definitions from SAT Reading and Writing Vocabulary. Example sentence drafted for this app and not yet editor-approved.,approved,draft
timbre,timbre,,noun,,,tone quality of a voice or instrument,,"The passage refers to a timbre, tone quality of a voice or instrument.","The passage refers to a _____, tone quality of a voice or instrument.",,,,,,,,,,,letter-t | passage-or-stem,2,Definitions from SAT Reading and Writing Vocabulary. Example sentence drafted for this app and not yet editor-approved.,approved,draft
tinge,tinge,,adjective,,,slight trace,,"If something is tinge, it is slight trace.","If something is _____, it is slight trace.",,,,,,,,,,,letter-t | passage-or-stem,2,Definitions from SAT Reading and Writing Vocabulary. Example sentence drafted for this app and not yet editor-approved.,approved,draft
titular,titular,,verb,,,named in the title (the titular character),in title only,The writer uses titular for a change that will named in the title.,The writer uses _____ for a change that will named in the title.,,,,,,,,,,,letter-t | passage-or-stem | multi-sense,2,Definitions from SAT Reading and Writing Vocabulary. Example sentence drafted for this app and not yet editor-approved.,approved,draft
toil,toil,,adjective,,,hard work,,"If something is toil, it is hard work.","If something is _____, it is hard work.",,,,,,,,,,,letter-t | passage-or-stem,2,Definitions from SAT Reading and Writing Vocabulary. Example sentence drafted for this app and not yet editor-approved.,approved,draft
torpor,torpor,,noun,,,sluggishness,"in animals, a short hibernation-like state",What matters in the sentence is a torpor: sluggishness.,What matters in the sentence is a _____: sluggishness.,,,,,,,,,,,letter-t | correct-answer | multi-sense,2,Definitions from SAT Reading and Writing Vocabulary. Example sentence drafted for this app and not yet editor-approved.,approved,draft
torrent,torrent,,verb,,,rushing stream,outpouring,The writer uses torrent for a change that will rushing stream.,The writer uses _____ for a change that will rushing stream.,,,,,,,,,,,letter-t | passage-or-stem | multi-sense,2,Definitions from SAT Reading and Writing Vocabulary. Example sentence drafted for this app and not yet editor-approved.,approved,draft
tranquil,tranquil,tranquility,verb,,,"calm, peaceful",,"To tranquil is to calm, peaceful.","To _____ is to calm, peaceful.",,,,,tranquility,,,,,,letter-t | correct-answer,2,Definitions from SAT Reading and Writing Vocabulary. Example sentence drafted for this app and not yet editor-approved.,approved,draft
transcend,transcend,,verb,,,go beyond,,"In the passage, things start to transcend: they go beyond.","In the passage, things start to _____: they go beyond.",,,,,,,,,,,letter-t | correct-answer,3,Definitions from SAT Reading and Writing Vocabulary. Example sentence drafted for this app and not yet editor-approved.,approved,draft
transgression,transgression,,noun,,,violation of a rule or law,,"Readers meet a transgression, meaning violation of a rule or law.","Readers meet a _____, meaning violation of a rule or law.",,,,,,,,,,,letter-t | correct-answer,4,Definitions from SAT Reading and Writing Vocabulary. Example sentence drafted for this app and not yet editor-approved.,approved,draft
transient,transient,,adjective,,,"temporary, short-lived",a person passing through,"A transient case is one that is temporary, short-lived.","A _____ case is one that is temporary, short-lived.",,,,,,,,The source also lists noun sense.,,,letter-t | passage-or-stem | multi-sense,3,Definitions from SAT Reading and Writing Vocabulary. Example sentence drafted for this app and not yet editor-approved.,approved,draft
transitory,transitory,,adjective,,,temporary,,A transitory case is one that is temporary.,A _____ case is one that is temporary.,,,,,,,,,,,letter-t | wrong-answer,3,Definitions from SAT Reading and Writing Vocabulary. Example sentence drafted for this app and not yet editor-approved.,approved,draft
transpose,transpose,transposed,verb,,,switch position or order,,To transpose is to switch position or order.,To _____ is to switch position or order.,,,,,transposed,,,,,,letter-t | wrong-answer,3,Definitions from SAT Reading and Writing Vocabulary. Example sentence drafted for this app and not yet editor-approved.,approved,draft
treatise,treatise,,adjective,,,formal written work on a subject,,"If something is treatise, it is formal written work on a subject.","If something is _____, it is formal written work on a subject.",,,,,,,,,,,letter-t | passage-or-stem,2,Definitions from SAT Reading and Writing Vocabulary. Example sentence drafted for this app and not yet editor-approved.,approved,draft
trope,trope,,adjective,,,common theme or figure of speech,,"The text calls it trope, meaning common theme or figure of speech.","The text calls it _____, meaning common theme or figure of speech.",,,,,,,,,,,letter-t | wrong-answer,2,Definitions from SAT Reading and Writing Vocabulary. Example sentence drafted for this app and not yet editor-approved.,approved,draft
troupe,troupe,,noun,,,group of performers,,What matters in the sentence is a troupe: group of performers.,What matters in the sentence is a _____: group of performers.,,,,,,,,,,,letter-t | wrong-answer,2,Definitions from SAT Reading and Writing Vocabulary. Example sentence drafted for this app and not yet editor-approved.,approved,draft
trove,trove,,adjective,,,valuable collection,,A trove case is one that is valuable collection.,A _____ case is one that is valuable collection.,,,,,,,,,,,letter-t | passage-or-stem,2,Definitions from SAT Reading and Writing Vocabulary. Example sentence drafted for this app and not yet editor-approved.,approved,draft
turbulent,turbulent,,adjective,,,"chaotic, unstable",,"The text calls it turbulent, meaning chaotic, unstable.","The text calls it _____, meaning chaotic, unstable.",,,,,,,,,,,letter-t | correct-answer,3,Definitions from SAT Reading and Writing Vocabulary. Example sentence drafted for this app and not yet editor-approved.,approved,draft
tutelage,tutelage,,noun,,,"instruction, guardianship",,"Readers meet a tutelage, meaning instruction, guardianship.","Readers meet a _____, meaning instruction, guardianship.",,,,,,,,,,,letter-t | passage-or-stem,2,Definitions from SAT Reading and Writing Vocabulary. Example sentence drafted for this app and not yet editor-approved.,approved,draft
ubiquitous,ubiquitous,ubiquity,verb,,,found everywhere,presence everywhere,The writer uses ubiquitous for a change that will found everywhere.,The writer uses _____ for a change that will found everywhere.,,,,,ubiquity,,,The source also lists noun sense.,,,letter-u | correct-answer | multi-sense,3,Definitions from SAT Reading and Writing Vocabulary. Example sentence drafted for this app and not yet editor-approved.,approved,draft
unanimity,unanimity,,noun,,,agreement by all,,What matters in the sentence is an unanimity: agreement by all.,What matters in the sentence is an _____: agreement by all.,,,,,,,,,,,letter-u | passage-or-stem,3,Definitions from SAT Reading and Writing Vocabulary. Example sentence drafted for this app and not yet editor-approved.,approved,draft
unassailable,unassailable,,adjective,,,impossible to attack or question,,"If something is unassailable, it is impossible to attack or question.","If something is _____, it is impossible to attack or question.",,,,,,,,,,,letter-u | wrong-answer,4,Definitions from SAT Reading and Writing Vocabulary. Example sentence drafted for this app and not yet editor-approved.,approved,draft
unassuming,unassuming,,adjective,,,modest,,A unassuming case is one that is modest.,A _____ case is one that is modest.,,,,,,,,,,,letter-u | correct-answer,3,Definitions from SAT Reading and Writing Vocabulary. Example sentence drafted for this app and not yet editor-approved.,approved,draft
undercut,undercut,,verb,,,undermine,,The writer uses undercut for a change that will undermine.,The writer uses _____ for a change that will undermine.,,,,,,,,,,,letter-u | passage-or-stem,2,Definitions from SAT Reading and Writing Vocabulary. Example sentence drafted for this app and not yet editor-approved.,approved,draft
undermine,undermine,,verb,,,"weaken, especially gradually",,"The writer uses undermine for a change that will weaken, especially gradually.","The writer uses _____ for a change that will weaken, especially gradually.",,,,,,,,,,,letter-u | correct-answer,3,Definitions from SAT Reading and Writing Vocabulary. Example sentence drafted for this app and not yet editor-approved.,approved,draft
underscore,underscore,,verb,,,emphasize,,The writer uses underscore for a change that will emphasize.,The writer uses _____ for a change that will emphasize.,,,,,,,,,,,letter-u | wrong-answer,3,Definitions from SAT Reading and Writing Vocabulary. Example sentence drafted for this app and not yet editor-approved.,approved,draft
undulate,undulate,undulated,verb,,,move in waves,,The writer uses undulate for a change that will move in waves.,The writer uses _____ for a change that will move in waves.,,,,,undulated,,,,,,letter-u | passage-or-stem,2,Definitions from SAT Reading and Writing Vocabulary. Example sentence drafted for this app and not yet editor-approved.,approved,draft
unduly,unduly,,adverb,,,excessively,,"The narrator says it happened unduly, which means excessively.","The narrator says it happened _____, which means excessively.",,,,,,,,,,,letter-u | wrong-answer,2,Definitions from SAT Reading and Writing Vocabulary. Example sentence drafted for this app and not yet editor-approved.,approved,draft
unexceptionable,unexceptionable,,adjective,,,beyond criticism (not the same as unexceptional),,"His conduct was unexceptionable: polite, exact, and impossible to fault. | The prose is unexceptionable, correct in every line, and a little dull.","His conduct was _____: polite, exact, and impossible to fault. | The prose is _____, correct in every line, and a little dull.",unobjectionable | irreproachable,acceptable,objectionable,unexceptionable conduct | unexceptionable taste,,Exception in the sense of an objection: unexceptionable means no objection can be taken.,formal,"Unexceptionable means beyond criticism, not “ordinary.” Unexceptional means not exceptional, so ordinary. The source list flags this pair on purpose.",unexceptionable (beyond criticism) versus unexceptional (ordinary),Unexceptionable means you cannot take exception to it. Unexceptional means ordinary.,letter-u | passage-or-stem,5,Definitions from SAT Reading and Writing Vocabulary. Examples and notes written for this app.,approved,approved
unfettered,unfettered,,adjective,,,unrestricted,,"The text calls it unfettered, meaning unrestricted.","The text calls it _____, meaning unrestricted.",,,,,,,,,,,letter-u | passage-or-stem,3,Definitions from SAT Reading and Writing Vocabulary. Example sentence drafted for this app and not yet editor-approved.,approved,draft
unflinching,unflinching,,adjective,,,not showing fear or hesitation,,"The text calls it unflinching, meaning not showing fear or hesitation.","The text calls it _____, meaning not showing fear or hesitation.",,,,,,,,,,,letter-u | passage-or-stem,3,Definitions from SAT Reading and Writing Vocabulary. Example sentence drafted for this app and not yet editor-approved.,approved,draft
ungainly,ungainly,ungainliness,adjective,,,"awkward, clumsy",,"If something is ungainly, it is awkward, clumsy.","If something is _____, it is awkward, clumsy.",,,,,ungainliness,,,,,,letter-u | passage-or-stem,2,Definitions from SAT Reading and Writing Vocabulary. Example sentence drafted for this app and not yet editor-approved.,approved,draft
unison,unison,,noun,,,"in unison: together, at the same time",,"Readers meet an unison, meaning in unison: together, at the same time.","Readers meet an _____, meaning in unison: together, at the same time.",,,,,,,,,,,letter-u | passage-or-stem,2,Definitions from SAT Reading and Writing Vocabulary. Example sentence drafted for this app and not yet editor-approved.,approved,draft
unobtrusive,unobtrusive,,adjective,,,not noticeable,,"If something is unobtrusive, it is not noticeable.","If something is _____, it is not noticeable.",,,,,,,,,,,letter-u | wrong-answer,3,Definitions from SAT Reading and Writing Vocabulary. Example sentence drafted for this app and not yet editor-approved.,approved,draft
unorthodox,unorthodox,,adjective,,,unconventional,,"The text calls it unorthodox, meaning unconventional.","The text calls it _____, meaning unconventional.",,,,,,,,,,,letter-u | passage-or-stem,3,Definitions from SAT Reading and Writing Vocabulary. Example sentence drafted for this app and not yet editor-approved.,approved,draft
unprecedented,unprecedented,,adverb,,,never done or known before,,"The narrator says it happened unprecedented, which means never done or known before.","The narrator says it happened _____, which means never done or known before.",,,,,,,,,,,letter-u | passage-or-stem,4,Definitions from SAT Reading and Writing Vocabulary. Example sentence drafted for this app and not yet editor-approved.,approved,draft
unsung,unsung,,adjective,,,not praised or famous,,"If something is unsung, it is not praised or famous.","If something is _____, it is not praised or famous.",,,,,,,,,,,letter-u | wrong-answer,2,Definitions from SAT Reading and Writing Vocabulary. Example sentence drafted for this app and not yet editor-approved.,approved,draft
untenable,untenable,,adjective,,,impossible to defend,,A untenable case is one that is impossible to defend.,A _____ case is one that is impossible to defend.,,,,,,,,,,,letter-u | passage-or-stem,3,Definitions from SAT Reading and Writing Vocabulary. Example sentence drafted for this app and not yet editor-approved.,approved,draft
unwarranted,unwarranted,,adjective,,,unjustified,,A unwarranted case is one that is unjustified.,A _____ case is one that is unjustified.,,,,,,,,,,,letter-u | correct-answer,3,Definitions from SAT Reading and Writing Vocabulary. Example sentence drafted for this app and not yet editor-approved.,approved,draft
upend,upend,upended,verb,,,turn upside down,disrupt,To upend is to turn upside down.,To _____ is to turn upside down.,,,,,upended,,,,,,letter-u | passage-or-stem | multi-sense,2,Definitions from SAT Reading and Writing Vocabulary. Example sentence drafted for this app and not yet editor-approved.,approved,draft
uproarious,uproarious,,adjective,,,very noisy,hilarious,"If something is uproarious, it is very noisy.","If something is _____, it is very noisy.",,,,,,,,,,,letter-u | passage-or-stem | multi-sense,3,Definitions from SAT Reading and Writing Vocabulary. Example sentence drafted for this app and not yet editor-approved.,approved,draft
utopian,utopian,utopia,adjective,,,idealistic,an ideal society,"The text calls it utopian, meaning idealistic.","The text calls it _____, meaning idealistic.",,,,,utopia,,,The source also lists noun sense.,,,letter-u | correct-answer | multi-sense,2,Definitions from SAT Reading and Writing Vocabulary. Example sentence drafted for this app and not yet editor-approved.,approved,draft
valor,valor,,noun,,,courage,,What matters in the sentence is a valor: courage.,What matters in the sentence is a _____: courage.,,,,,,,,,,,letter-v | passage-or-stem,2,Definitions from SAT Reading and Writing Vocabulary. Example sentence drafted for this app and not yet editor-approved.,approved,draft
vanquish,vanquish,vanquished,verb,,,defeat,,To vanquish is to defeat.,To _____ is to defeat.,,,,,vanquished,,,,,,letter-v | passage-or-stem,2,Definitions from SAT Reading and Writing Vocabulary. Example sentence drafted for this app and not yet editor-approved.,approved,draft
veer,veer,,verb,,,change direction suddenly,,The writer uses veer for a change that will change direction suddenly.,The writer uses _____ for a change that will change direction suddenly.,,,,,,,,,,,letter-v | passage-or-stem,2,Definitions from SAT Reading and Writing Vocabulary. Example sentence drafted for this app and not yet editor-approved.,approved,draft
venerable,venerable,,adjective,,,respected because of age or wisdom,,"The text calls it venerable, meaning respected because of age or wisdom.","The text calls it _____, meaning respected because of age or wisdom.",,,,,,,,,,,letter-v | passage-or-stem,3,Definitions from SAT Reading and Writing Vocabulary. Example sentence drafted for this app and not yet editor-approved.,approved,draft
verisimilitude,verisimilitude,,noun,,,appearance of being true or real,,What matters in the sentence is a verisimilitude: appearance of being true or real.,What matters in the sentence is a _____: appearance of being true or real.,,,,,,,,,,,letter-v | wrong-answer,4,Definitions from SAT Reading and Writing Vocabulary. Example sentence drafted for this app and not yet editor-approved.,approved,draft
veritable,veritable,,adjective,,,"real, genuine",,"If something is veritable, it is real, genuine.","If something is _____, it is real, genuine.",,,,,,,,,,,letter-v | wrong-answer,3,Definitions from SAT Reading and Writing Vocabulary. Example sentence drafted for this app and not yet editor-approved.,approved,draft
versatile,versatile,,adjective,,,"adaptable, able to do many things",,"If something is versatile, it is adaptable, able to do many things.","If something is _____, it is adaptable, able to do many things.",,,,,,,,,,,letter-v | passage-or-stem,3,Definitions from SAT Reading and Writing Vocabulary. Example sentence drafted for this app and not yet editor-approved.,approved,draft
vex,vex,vexes,verb,,,annoy,,"In the passage, things start to vex: they annoy.","In the passage, things start to _____: they annoy.",,,,,vexes,,,,,,letter-v | correct-answer,2,Definitions from SAT Reading and Writing Vocabulary. Example sentence drafted for this app and not yet editor-approved.,approved,draft
viable,viable,,adjective,,,"workable, able to succeed",,"A viable case is one that is workable, able to succeed.","A _____ case is one that is workable, able to succeed.",,,,,,,,,,,letter-v | correct-answer,2,Definitions from SAT Reading and Writing Vocabulary. Example sentence drafted for this app and not yet editor-approved.,approved,draft
vigilance,vigilance,,noun,,,watchfulness,,"The passage refers to a vigilance, watchfulness.","The passage refers to a _____, watchfulness.",,,,,,,,,,,letter-v | wrong-answer,3,Definitions from SAT Reading and Writing Vocabulary. Example sentence drafted for this app and not yet editor-approved.,approved,draft
vignette,vignette,,adjective,,,brief description or scene,,"The text calls it vignette, meaning brief description or scene.","The text calls it _____, meaning brief description or scene.",,,,,,,,,,,letter-v | wrong-answer,2,Definitions from SAT Reading and Writing Vocabulary. Example sentence drafted for this app and not yet editor-approved.,approved,draft
vigor,vigor,vigorous,noun,,,"energy, strength",,"Readers meet a vigor, meaning energy, strength.","Readers meet a _____, meaning energy, strength.",,,,,vigorous,,,,,,letter-v | correct-answer,2,Definitions from SAT Reading and Writing Vocabulary. Example sentence drafted for this app and not yet editor-approved.,approved,draft
virulent,virulent,,adjective,,,severe and harmful (of a disease or germ),bitterly hostile,"The text calls it virulent, meaning severe and harmful.","The text calls it _____, meaning severe and harmful.",,,,,,,,,,,letter-v | wrong-answer | multi-sense,2,Definitions from SAT Reading and Writing Vocabulary. Example sentence drafted for this app and not yet editor-approved.,approved,draft
vitality,vitality,,noun,,,"energy, liveliness",,"What matters in the sentence is a vitality: energy, liveliness.","What matters in the sentence is a _____: energy, liveliness.",,,,,,,,,,,letter-v | passage-or-stem,2,Definitions from SAT Reading and Writing Vocabulary. Example sentence drafted for this app and not yet editor-approved.,approved,draft
volition,volition,,adjective,,,free will,,"The text calls it volition, meaning free will.","The text calls it _____, meaning free will.",,,,,,,,,,,letter-v | passage-or-stem,2,Definitions from SAT Reading and Writing Vocabulary. Example sentence drafted for this app and not yet editor-approved.,approved,draft
waive,waive,,verb,,,give up (a right or requirement),,"The college will waive the application fee for students who ask. | By signing, she waived the right to sue over that clause.","The college will _____ the application fee for students who ask. | By signing, she _____ the right to sue over that clause.",relinquish | forgo,surrender,enforce | claim,waive a fee | waive the right,waiver,"Anglo-French weyver, to abandon. A waiver is the document that records the giving up.",formal,Waive means officially give something up. Waver means hesitate or flicker.,waive (give up a right) versus waver (hesitate or flicker),"Waive has an i, like signing away a right. Waver shakes and hesitates.",letter-w | wrong-answer,3,Definitions from SAT Reading and Writing Vocabulary. Examples and notes written for this app.,approved,approved
waver,waver,wavered,verb,,,hesitate,"move unsteadily, flicker",She did not waver once the evidence was in front of her. | The candle flame wavered and then went out.,She did not _____ once the evidence was in front of her. | The candle flame _____ and then went out.,hesitate | falter,flicker,persist | decide,waver between | never wavered,wavered | wavering,Related to wave: a motion that goes back and forth.,general,"Waver can describe a light or voice that flickers, or a person who cannot decide.",waver (hesitate) versus waive (give up a right),Waver waves. Waive signs a right away.,letter-w | passage-or-stem | multi-sense,2,Definitions from SAT Reading and Writing Vocabulary. Examples and notes written for this app.,approved,approved
wayward,wayward,,adjective,,,"unruly, going astray",,"The text calls it wayward, meaning unruly, going astray.","The text calls it _____, meaning unruly, going astray.",,,,,,,,,,,letter-w | wrong-answer,2,Definitions from SAT Reading and Writing Vocabulary. Example sentence drafted for this app and not yet editor-approved.,approved,draft
wend,wend,wending,verb,,,go slowly or by an indirect route,,The writer uses wend for a change that will go slowly or by an indirect route.,The writer uses _____ for a change that will go slowly or by an indirect route.,,,,,wending,,,,,,letter-w | passage-or-stem,2,Definitions from SAT Reading and Writing Vocabulary. Example sentence drafted for this app and not yet editor-approved.,approved,draft
whet,whet,,verb,,,sharpen,stimulate (an appetite or interest),"In the passage, things start to whet: they sharpen.","In the passage, things start to _____: they sharpen.",,,,,,,,,,,letter-w | passage-or-stem | multi-sense,2,Definitions from SAT Reading and Writing Vocabulary. Example sentence drafted for this app and not yet editor-approved.,approved,draft
whimsical,whimsical,,adverb,,,playfully fanciful,,"The narrator says it happened whimsical, which means playfully fanciful.","The narrator says it happened _____, which means playfully fanciful.",,,,,,,,,,,letter-w | passage-or-stem,3,Definitions from SAT Reading and Writing Vocabulary. Example sentence drafted for this app and not yet editor-approved.,approved,draft
wield,wield,wielded,verb,,,hold and use (a tool or power),,"In the passage, things start to wield: they hold and use.","In the passage, things start to _____: they hold and use.",,,,,wielded,,,,,,letter-w | wrong-answer,2,Definitions from SAT Reading and Writing Vocabulary. Example sentence drafted for this app and not yet editor-approved.,approved,draft
wince,wince,winced,verb,,,flinch in pain or embarrassment,,The writer uses wince for a change that will flinch in pain or embarrassment.,The writer uses _____ for a change that will flinch in pain or embarrassment.,,,,,winced,,,,,,letter-w | wrong-answer,2,Definitions from SAT Reading and Writing Vocabulary. Example sentence drafted for this app and not yet editor-approved.,approved,draft
woe,woe,,adjective,,,great sorrow,,"The text calls it woe, meaning great sorrow.","The text calls it _____, meaning great sorrow.",,,,,,,,,,,letter-w | passage-or-stem,2,Definitions from SAT Reading and Writing Vocabulary. Example sentence drafted for this app and not yet editor-approved.,approved,draft
wraith,wraith,wraithlike,noun,,,ghost,,What matters in the sentence is a wraith: ghost.,What matters in the sentence is a _____: ghost.,,,,,wraithlike,,,,,,letter-w | passage-or-stem,2,Definitions from SAT Reading and Writing Vocabulary. Example sentence drafted for this app and not yet editor-approved.,approved,draft
wreak,wreak,wreaked,verb,,,cause (damage or harm),,"In the passage, things start to wreak: they cause.","In the passage, things start to _____: they cause.",,,,,wreaked,,,,,,letter-w | passage-or-stem,2,Definitions from SAT Reading and Writing Vocabulary. Example sentence drafted for this app and not yet editor-approved.,approved,draft
yeoman,yeoman,yeomen,adjective,,,independent small farmer (historical),,A yeoman case is one that is independent small farmer.,A _____ case is one that is independent small farmer.,,,,,yeomen,,literary,,,,letter-y | wrong-answer,2,Definitions from SAT Reading and Writing Vocabulary. Example sentence drafted for this app and not yet editor-approved.,approved,draft
zealous,zealous,,adjective,,,"enthusiastic, passionate",,"The text calls it zealous, meaning enthusiastic, passionate.","The text calls it _____, meaning enthusiastic, passionate.",,,,,,,,,,,letter-z | passage-or-stem,2,Definitions from SAT Reading and Writing Vocabulary. Example sentence drafted for this app and not yet editor-approved.,approved,draft
zenith,zenith,,adjective,,,highest point,,A zenith case is one that is highest point.,A _____ case is one that is highest point.,,,,,,,,,,,letter-z | passage-or-stem,2,Definitions from SAT Reading and Writing Vocabulary. Example sentence drafted for this app and not yet editor-approved.,approved,draft
thou,thou,thee | thy | thine,pronoun,,,"you (subject), you (object), your, yours or your",,"The passage uses “thou” to mean you , you , your, yours or your.","The passage uses “_____” to mean you , you , your, yours or your.",,,,,thee | thy | thine,,archaic,,,,letter-archaic | archaic | passage-or-stem,4,Definitions from SAT Reading and Writing Vocabulary. Example sentence drafted for this app and not yet editor-approved.,approved,draft
ye,ye,,pronoun,,,you (plural),,The passage uses “ye” to mean you.,The passage uses “_____” to mean you.,,,,,,,archaic,,,,letter-archaic | archaic | passage-or-stem,4,Definitions from SAT Reading and Writing Vocabulary. Example sentence drafted for this app and not yet editor-approved.,approved,draft
hast,hast,hadst | hath | doth,verb,,,"have, had, has, does",,"The writer uses hast for a change that will have, had, has, does.","The writer uses _____ for a change that will have, had, has, does.",,,,,hadst | hath | doth,,archaic,,,,letter-archaic | archaic | passage-or-stem,4,Definitions from SAT Reading and Writing Vocabulary. Example sentence drafted for this app and not yet editor-approved.,approved,draft
camest,camest,seest | mayst | remember'st,verb,,,"came, see, may, remember (verb forms used with thou)",,"The writer uses camest for a change that will came, see, may, remember.","The writer uses _____ for a change that will came, see, may, remember.",,,,,seest | mayst | remember'st,,archaic,,,,letter-archaic | archaic | passage-or-stem,4,Definitions from SAT Reading and Writing Vocabulary. Example sentence drafted for this app and not yet editor-approved.,approved,draft
beginneth,beginneth,,verb,,,begins,,"In the passage, things start to beginneth: they begins.","In the passage, things start to _____: they begins.",,,,,,,archaic,,,,letter-archaic | archaic | passage-or-stem,4,Definitions from SAT Reading and Writing Vocabulary. Example sentence drafted for this app and not yet editor-approved.,approved,draft
tis,'tis,,contraction,,,it is,,The passage uses “'tis” to mean it is.,The passage uses “_____” to mean it is.,,,,,,,archaic,,,,letter-archaic | archaic | passage-or-stem,4,Definitions from SAT Reading and Writing Vocabulary. Example sentence drafted for this app and not yet editor-approved.,approved,draft
oer,o'er,ne'er | thro',contraction,,,"over, never, through",,"The passage uses “o'er” to mean over, never, through.","The passage uses “_____” to mean over, never, through.",,,,,ne'er | thro',,archaic,,,,letter-archaic | archaic | passage-or-stem,4,Definitions from SAT Reading and Writing Vocabulary. Example sentence drafted for this app and not yet editor-approved.,approved,draft
een,e'en,,contraction,,,even,also evening (yester-e'en: yesterday evening),The passage uses “e'en” to mean even.,The passage uses “_____” to mean even.,,,,,,,archaic,,,,letter-archaic | archaic | passage-or-stem | multi-sense,4,Definitions from SAT Reading and Writing Vocabulary. Example sentence drafted for this app and not yet editor-approved.,approved,draft
ere,ere,,conjunction,,,before,,The passage uses “ere” to mean before.,The passage uses “_____” to mean before.,,,,,,,archaic,,,,letter-archaic | archaic | passage-or-stem,4,Definitions from SAT Reading and Writing Vocabulary. Example sentence drafted for this app and not yet editor-approved.,approved,draft
ought-aught,ought (aught),,pronoun,,,anything (as in remember'st ought),,The passage uses “ought (aught)” to mean anything.,The passage uses “_____” to mean anything.,,,,,,,archaic,,,,letter-archaic | archaic | passage-or-stem,4,Definitions from SAT Reading and Writing Vocabulary. Example sentence drafted for this app and not yet editor-approved.,approved,draft
anon,anon,,adverb,,,soon,ever and anon: every now and then,"The narrator says it happened anon, which means soon.","The narrator says it happened _____, which means soon.",,,,,,,archaic,,,,letter-archaic | archaic | passage-or-stem | multi-sense,4,Definitions from SAT Reading and Writing Vocabulary. Example sentence drafted for this app and not yet editor-approved.,approved,draft
hither-and-thither,hither and thither,,phrase,,,"here and there, in all directions",,"The passage uses “hither and thither” to mean here and there, in all directions.","The passage uses “_____” to mean here and there, in all directions.",,,,,,,archaic,,,,letter-archaic | archaic | passage-or-stem,4,Definitions from SAT Reading and Writing Vocabulary. Example sentence drafted for this app and not yet editor-approved.,approved,draft
withal,withal,,adverb,,,"in addition, besides",,"The narrator says it happened withal, which means in addition, besides.","The narrator says it happened _____, which means in addition, besides.",,,,,,,archaic,,,,letter-archaic | archaic | passage-or-stem,4,Definitions from SAT Reading and Writing Vocabulary. Example sentence drafted for this app and not yet editor-approved.,approved,draft
straightway,straightway,,adverb,,,immediately,,"The narrator says it happened straightway, which means immediately.","The narrator says it happened _____, which means immediately.",,,,,,,archaic,,,,letter-archaic | archaic | passage-or-stem,4,Definitions from SAT Reading and Writing Vocabulary. Example sentence drafted for this app and not yet editor-approved.,approved,draft
oerween,o'erween,,verb,,,"presume, think too highly of oneself",,"The writer uses o'erween for a change that will presume, think too highly of oneself.","The writer uses _____ for a change that will presume, think too highly of oneself.",,,,,,,archaic,,,,letter-archaic | archaic | passage-or-stem,4,Definitions from SAT Reading and Writing Vocabulary. Example sentence drafted for this app and not yet editor-approved.,approved,draft
morn,morn,,noun,,,morning,,What matters in the sentence is a morn: morning.,What matters in the sentence is a morn: _____.,,,,,,,archaic,,,,letter-archaic | archaic | correct-answer,4,Definitions from SAT Reading and Writing Vocabulary. Example sentence drafted for this app and not yet editor-approved.,approved,draft
wax,wax,,verb,,,"grow, become (wax and wane)",waxes drear: grows dreary,"In the passage, things start to wax: they grow, become.","In the passage, things start to _____: they grow, become.",,,,,,,archaic,,,,letter-archaic | archaic | wrong-answer | multi-sense,4,Definitions from SAT Reading and Writing Vocabulary. Example sentence drafted for this app and not yet editor-approved.,approved,draft
drear,drear,,adjective,,,"dreary, gloomy",,"If something is drear, it is dreary, gloomy.","If something is _____, it is dreary, gloomy.",,,,,,,archaic,,,,letter-archaic | archaic | wrong-answer,4,Definitions from SAT Reading and Writing Vocabulary. Example sentence drafted for this app and not yet editor-approved.,approved,draft
wold,wold,,noun,,,"open, rolling upland",,"The passage refers to a wold, open, rolling upland.","The passage refers to a _____, open, rolling upland.",,,,,,,archaic,,,,letter-archaic | archaic | passage-or-stem,4,Definitions from SAT Reading and Writing Vocabulary. Example sentence drafted for this app and not yet editor-approved.,approved,draft
lea,lea,,noun,,,"meadow, grassland",,"The passage refers to a lea, meadow, grassland.","The passage refers to a _____, meadow, grassland.",,,,,,,archaic,,,,letter-archaic | archaic | wrong-answer,4,Definitions from SAT Reading and Writing Vocabulary. Example sentence drafted for this app and not yet editor-approved.,approved,draft
bower,bower,,noun,,,"shady, leafy shelter",,"The passage refers to a bower, shady, leafy shelter.","The passage refers to a _____, shady, leafy shelter.",,,,,,,archaic,,,,letter-archaic | archaic | wrong-answer,4,Definitions from SAT Reading and Writing Vocabulary. Example sentence drafted for this app and not yet editor-approved.,approved,draft
abysm,abysm,,noun,,,"abyss, bottomless depth",,"What matters in the sentence is an abysm: abyss, bottomless depth.","What matters in the sentence is an _____: abyss, bottomless depth.",,,,,,,archaic,,,,letter-archaic | archaic | passage-or-stem,4,Definitions from SAT Reading and Writing Vocabulary. Example sentence drafted for this app and not yet editor-approved.,approved,draft
beweep,beweep,,verb,,,"weep over, lament",,"The writer uses beweep for a change that will weep over, lament.","The writer uses _____ for a change that will weep over, lament.",,,,,,,archaic,,,,letter-archaic | archaic | passage-or-stem,4,Definitions from SAT Reading and Writing Vocabulary. Example sentence drafted for this app and not yet editor-approved.,approved,draft
gladsome,gladsome,,adjective,,,"glad, joyful",,"The text calls it gladsome, meaning glad, joyful.","The text calls it _____, meaning glad, joyful.",,,,,,,archaic,,,,letter-archaic | archaic | passage-or-stem,4,Definitions from SAT Reading and Writing Vocabulary. Example sentence drafted for this app and not yet editor-approved.,approved,draft
beauteous,beauteous,,adjective,,,beautiful,,A beauteous case is one that is beautiful.,A _____ case is one that is beautiful.,,,,,,,archaic,,,,letter-archaic | archaic | wrong-answer,4,Definitions from SAT Reading and Writing Vocabulary. Example sentence drafted for this app and not yet editor-approved.,approved,draft
plaint,plaint,,noun,,,"lament, complaint",,"What matters in the sentence is a plaint: lament, complaint.","What matters in the sentence is a _____: lament, complaint.",,,,,,,archaic,,,,letter-archaic | archaic | correct-answer,4,Definitions from SAT Reading and Writing Vocabulary. Example sentence drafted for this app and not yet editor-approved.,approved,draft
guerdon,guerdon,,noun,,,reward,,"Readers meet a guerdon, meaning reward.","Readers meet a _____, meaning reward.",,,,,,,archaic,,,,letter-archaic | archaic | passage-or-stem,4,Definitions from SAT Reading and Writing Vocabulary. Example sentence drafted for this app and not yet editor-approved.,approved,draft
jackanapes,jackanapes,,noun,,,"cheeky, conceited person",,"What matters in the sentence is a jackanapes: cheeky, conceited person.","What matters in the sentence is a _____: cheeky, conceited person.",,,,,,,archaic,,,,letter-archaic | archaic | passage-or-stem,4,Definitions from SAT Reading and Writing Vocabulary. Example sentence drafted for this app and not yet editor-approved.,approved,draft
coxcombical,coxcombical,,adjective,,,"vain and showy (a coxcomb is a vain, foolish man)",,"The text calls it coxcombical, meaning vain and showy.","The text calls it _____, meaning vain and showy.",,,,,,,archaic,,,,letter-archaic | archaic | passage-or-stem,4,Definitions from SAT Reading and Writing Vocabulary. Example sentence drafted for this app and not yet editor-approved.,approved,draft
plashing,plashing,,verb,,,splashing,,To plashing is to splashing.,To _____ is to splashing.,,,,,,,archaic,,,,letter-archaic | archaic | wrong-answer,4,Definitions from SAT Reading and Writing Vocabulary. Example sentence drafted for this app and not yet editor-approved.,approved,draft
